BlotatoID,IntendedLocal,Platform,AccountId,Handle,Text,MediaUrls,TargetJSON,Status,Why
3824821,2026-09-02 11:20,pinterest,6328,TheGentleMuse2026,"You do not need to be 10 years ahead on AI. About 10 hours is enough. A free 59 page guide in plain language, written by someone who was 60 days in, not 10 years.",https://database.blotato.io/storage/v1/object/public/public_media/5472a21c-0213-4305-8693-b19295e4d67e/01eade4f-a854-4e39-b872-1fe06fb0b0e1.png,"{""link"":""https://ai-guide.subscribepage.io"",""title"":""21 free AI courses most people never find"",""altText"":""Editorial card: 10 hours ahead is enough. Free 59 page AI guide."",""boardId"":""792985515578875894"",""targetType"":""pinterest""}",scheduled,snapshot taken 2026-09-02 before the 14 day window was enforced
3630591,2026-09-02 18:00,tiktok,41488,thegentlemuse2026,"Some days do not need to be extraordinary to be unforgettable.

Follow along for more of these. The Gentle Self-Reset Checklist is in my bio, free and short on purpose.

#LearnOnTikTok #gentlemuse #softlife #slowliving #womenover40",https://database.blotato.io/storage/v1/object/public/public_media/5472a21c-0213-4305-8693-b19295e4d67e/73626d1e-55a2-4d7f-9e13-b36e8268de7c.mp4,"{""targetType"":""tiktok"",""isYourBrand"":false,""disabledDuet"":false,""privacyLevel"":""PUBLIC_TO_EVERYONE"",""isAiGenerated"":false,""disabledStitch"":false,""disabledComments"":false,""isBrandedContent"":false}",scheduled,snapshot taken 2026-09-02 before the 14 day window was enforced
3926380,2026-09-02 18:00,instagram,45886,thegentlemuse2026,"Coming home to her after a long shift. She doesn't care how the day went or what got done. She just wants me back. She's 19.

Comment CESA and I'll send you her free comfort guide. No vet talk, just what keeps her easy.

#gentlemuse #seniordog #dogmom #chihuahua #cesasgoldenyears",https://database.blotato.io/storage/v1/object/public/public_media/5472a21c-0213-4305-8693-b19295e4d67e/e6872068-adef-4481-83af-bb4c803f0cad.mp4,"{""mediaType"":""reel"",""targetType"":""instagram""}",scheduled,snapshot taken 2026-09-02 before the 14 day window was enforced
3630602,2026-09-03 08:30,linkedin,20723,AMANDA KERSH,"The glow up is not always a new body, a new house, or a whole new life. Sometimes it is simply deciding it is a beautiful day and finally showing up like you belong in it.

Which version are you working on right now?

Follow along for more of these. The Gentle Self-Reset Checklist is free and short on purpose, and the only instruction is to pick 1 line.

https://payhip.com/b/9FE2U",https://database.blotato.io/storage/v1/object/public/public_media/5472a21c-0213-4305-8693-b19295e4d67e/2581279a-1cf5-42f5-b151-3c4de6f29a6e.mp4,"{""targetType"":""linkedin""}",scheduled,snapshot taken 2026-09-02 before the 14 day window was enforced
4024407,2026-09-03 08:30,twitter,21430,GentleMuse2026,"A week off doesn't fix a system that drains you. A reset changes how the ordinary days feel. Ten gentle steps, free, in the Gentle Muse Reset Guide.",,"{""targetType"":""twitter""}",scheduled,snapshot taken 2026-09-02 before the 14 day window was enforced
4021938,2026-09-03 10:00,instagram,45886,thegentlemuse2026,"She hears the car before the door.

By the time I'm inside she's already up, and getting up takes her longer than it used to. No bark. Just the walk toward me.

She waited all day for those 4 seconds.

Follow @cesasgoldenyears for more of her.

#seniordog #chihuahua #dogmom #cesasgoldenyears",https://database.blotato.io/storage/v1/object/public/public_media/5472a21c-0213-4305-8693-b19295e4d67e/000820c0-3083-4dcb-9470-484e3350b8c6.mp4,"{""mediaType"":""reel"",""targetType"":""instagram"",""shareToFeed"":true}",scheduled,snapshot taken 2026-09-02 before the 14 day window was enforced
3824830,2026-09-03 11:20,pinterest,6328,TheGentleMuse2026,"A clogged dryer duct is a fire risk, and the screen you empty every load tells you nothing about it. 1 free email a week on the things in your home you've stopped noticing.",https://database.blotato.io/storage/v1/object/public/public_media/5472a21c-0213-4305-8693-b19295e4d67e/d0d9c264-21d1-4c11-8474-263f4bede15a.png,"{""link"":""https://consider-this.subscribepage.io"",""title"":""Your lint screen is clean. The duct behind it isn't."",""altText"":""Editorial card listing 5 things in your house that aren't doing what you think."",""boardId"":""792985515578875904"",""targetType"":""pinterest""}",scheduled,snapshot taken 2026-09-02 before the 14 day window was enforced
3630600,2026-09-03 12:00,tiktok,41488,thegentlemuse2026,"Women over 40 after 1 cute outfit, 1 good hair day, and absolutely no invitation. We appointed ourselves and we are going.

Tag someone in her self appointed model era 👇

Follow along, and the weekly note is in my bio.

#LearnOnTikTok #gentlemuse #womenover40 #confidence #softlife",https://database.blotato.io/storage/v1/object/public/public_media/5472a21c-0213-4305-8693-b19295e4d67e/afd6c323-8123-4c33-8e93-ed40e0394f0e.mp4,"{""targetType"":""tiktok"",""isYourBrand"":false,""disabledDuet"":false,""privacyLevel"":""PUBLIC_TO_EVERYONE"",""isAiGenerated"":false,""disabledStitch"":false,""disabledComments"":false,""isBrandedContent"":false}",scheduled,snapshot taken 2026-09-02 before the 14 day window was enforced
3824829,2026-09-03 12:00,facebook,30840,The Gentle Muse ,"Your lint screen is clean. The duct behind it isn't.

That's today's issue, and it's the one that actually matters, because a clogged duct is a fire risk and the screen you empty every load tells you nothing about it.

This is the whole idea behind Consider This. 1 overlooked thing in your home a week, what's actually going on with it, and whether it's worth 2 minutes of your time. No 40-step routine. No pressure to buy anything.

Send this to whoever does the laundry in your house.

Comment CONSIDER and I'll add you.",https://database.blotato.io/storage/v1/object/public/public_media/5472a21c-0213-4305-8693-b19295e4d67e/9a4f9fcc-c750-49a7-8290-63c954117850.png,"{""pageId"":""1086399221215093"",""targetType"":""facebook""}",scheduled,snapshot taken 2026-09-02 before the 14 day window was enforced
4019104,2026-09-03 12:00,instagram,45886,thegentlemuse2026,"I used to say I had no time to read. Then I counted the drive.

The drive, the dishes, the laundry, groceries. Almost 2 hours a day with my hands busy and my ears free.

I didn't add anything to my day. I stopped filling that time with scrolling.

Comment PLAY and I'll send you the list.",https://database.blotato.io/storage/v1/object/public/public_media/5472a21c-0213-4305-8693-b19295e4d67e/32879901-2049-46e8-bcbc-5a1998a8b305.jpeg,"{""targetType"":""instagram""}",scheduled,snapshot taken 2026-09-02 before the 14 day window was enforced
4024446,2026-09-03 12:00,linkedin,20723,AMANDA KERSH,"I used to say I had no time to read. Then I counted the drive.

The drive, the dishes, the laundry, groceries. Almost 2 hours a day with my hands busy and my ears free.

I didn't add anything to my day. I stopped filling that time with scrolling.

The list is 10 books built for half attention. 5 free forever, 5 library borrows.

https://press-play.subscribepage.io",https://database.blotato.io/storage/v1/object/public/public_media/5472a21c-0213-4305-8693-b19295e4d67e/423a5b7b-d471-4dbc-a282-9eace93b6436.jpeg,"{""targetType"":""linkedin""}",scheduled,snapshot taken 2026-09-02 before the 14 day window was enforced
3952005,2026-09-03 15:00,tiktok,41488,thegentlemuse2026,"#TargetPartner #ad Small thing, disproportionate payoff. Adornia 14k gold plated black clover station necklace. It sits flat, it layers, and it does not come out of my bag in a knot. A plain black tee stops looking plain.

This is the kind of find I mean when I say small things make the day run softer.

Follow along for the rest. 🛒 The link is in my bio.

@target #ClubTarget #TargetLittleFinds",https://database.blotato.io/storage/v1/object/public/public_media/5472a21c-0213-4305-8693-b19295e4d67e/232050d5-f762-4791-a8e5-8e9929a8d011.mp4,"{""targetType"":""tiktok"",""isYourBrand"":false,""disabledDuet"":false,""privacyLevel"":""PUBLIC_TO_EVERYONE"",""isAiGenerated"":false,""disabledStitch"":false,""disabledComments"":false,""isBrandedContent"":true}",scheduled,snapshot taken 2026-09-02 before the 14 day window was enforced
4022473,2026-09-03 15:00,instagram,45886,thegentlemuse2026,"Halloweentown premiered on the Disney Channel in 1998.

Debbie Reynolds was 66 when she played Aggie Cromwell.

The witch everybody remembers as the fearless one was a woman in her 60s. That was the whole message and nobody noticed.

She's 19. She has never once been worried about it.

Comment CESA and follow @cesasgoldenyears. I'll send you the 15 pages on what actually keeps her comfortable, free.

#spookyseason #halloweentown #seniordog #90skids #gentlemuse",https://database.blotato.io/storage/v1/object/public/public_media/5472a21c-0213-4305-8693-b19295e4d67e/7fff738b-34d9-4b3f-9657-a185584e99f1.mp4,"{""mediaType"":""reel"",""targetType"":""instagram"",""shareToFeed"":true}",scheduled,snapshot taken 2026-09-02 before the 14 day window was enforced
3630603,2026-09-03 17:30,instagram,45886,thegentlemuse2026,"#TargetPartner #ad Small thing, disproportionate payoff. Adornia 14k gold plated black clover station necklace. It sits flat, it layers, and it does not come out of my bag in a knot. A plain black tee stops looking plain. This is the kind of find I mean when I say small things make the day run softer. 🛒 https://club.target.com/s/amanda.20/_/sku/1005653750 @target #ClubTarget #TargetLittleFinds",https://database.blotato.io/storage/v1/object/public/public_media/5472a21c-0213-4305-8693-b19295e4d67e/232050d5-f762-4791-a8e5-8e9929a8d011.mp4,"{""targetType"":""instagram""}",scheduled,snapshot taken 2026-09-02 before the 14 day window was enforced
3630599,2026-09-03 18:00,tiktok,41488,thegentlemuse2026,"Unhinged gratitude is being thankful for the door that closed, because it was never yours to walk through.

Follow along. The Gentle Self-Reset Checklist is in my bio, and the only instruction is to pick 1 line.

#LearnOnTikTok #gentlemuse #freeguide #softlife #reset",https://database.blotato.io/storage/v1/object/public/public_media/5472a21c-0213-4305-8693-b19295e4d67e/b405066d-4546-4e67-b0c4-9077be24b80f.mp4,"{""targetType"":""tiktok"",""isYourBrand"":false,""disabledDuet"":false,""privacyLevel"":""PUBLIC_TO_EVERYONE"",""isAiGenerated"":false,""disabledStitch"":false,""disabledComments"":false,""isBrandedContent"":false}",scheduled,snapshot taken 2026-09-02 before the 14 day window was enforced
3953664,2026-09-03 18:00,instagram,65540,cesasgoldenyears,"19 years old and she still walks out front.

Bright sun, tree shade laid across the sidewalk, grass on both sides. She is ahead of me almost the whole clip, back to the camera, ears up, pink harness on. She stops when she wants to stop and starts again when she is ready.

That is the entire video. 19 seconds of her leading and me keeping up.

Comment CESA and I'll send you her guide. 15 pages of what actually keeps her comfortable, free.

Follow along for more of her days. Her older clips are saved in the highlights. 🐾

#seniordog #chihuahualife #dogmom #slowliving #lovethemlonger",https://database.blotato.io/storage/v1/object/public/public_media/5472a21c-0213-4305-8693-b19295e4d67e/d5494e44-79e6-4f3d-88b1-f7294806bed9.mp4,"{""mediaType"":""reel"",""targetType"":""instagram""}",scheduled,snapshot taken 2026-09-02 before the 14 day window was enforced
4024414,2026-09-04 08:30,twitter,21430,GentleMuse2026,"Bookmarking is not listening.

You saved 40 recommendations this year. You finished how many? Saving is not the same as finishing.

Pick the short one. Under an hour, free right now. Finish 1 thing today.",,"{""targetType"":""twitter""}",scheduled,snapshot taken 2026-09-02 before the 14 day window was enforced
4024453,2026-09-04 08:30,linkedin,20723,AMANDA KERSH,"I read 9 books last year without sitting down once.

Not a reading habit. A listening habit. None of it was extra time. The list is built for half attention.

5 free forever, 5 library borrows. Not 50 books. 10.

https://press-play.subscribepage.io",https://database.blotato.io/storage/v1/object/public/public_media/5472a21c-0213-4305-8693-b19295e4d67e/c3fbf6a0-bb5b-4eca-a7ee-d82d9b2150ab.jpeg,"{""targetType"":""linkedin""}",scheduled,snapshot taken 2026-09-02 before the 14 day window was enforced
3601726,2026-09-04 10:00,instagram,45886,thegentlemuse2026,"The glow up is not always a new body, a new house, or a whole new life. Sometimes it is simply deciding it is a beautiful day and finally showing up like you belong in it. Which version are you working on right now? #gentlemuse #buildinpublic #softdiscipline #womeninbusiness #showup",https://database.blotato.io/storage/v1/object/public/public_media/5472a21c-0213-4305-8693-b19295e4d67e/2581279a-1cf5-42f5-b151-3c4de6f29a6e.mp4,"{""targetType"":""instagram""}",scheduled,snapshot taken 2026-09-02 before the 14 day window was enforced
3691538,2026-09-04 12:10,facebook,30840,The Gentle Muse ,"Part 2 of the day. Fully dressed, out the door, nothing dramatic happening. Just following through on what I said I would do. That is most of what this has actually been, and I think that is the honest version worth showing.

What is one thing you are following through on this week?

Comment RESET and I'll send you the Gentle Self-Reset Checklist. 10 small steps, and the only instruction is to pick 1.

https://payhip.com/b/9FE2U",https://database.blotato.io/storage/v1/object/public/public_media/5472a21c-0213-4305-8693-b19295e4d67e/e11d82d0-f8dd-4365-8bab-3db34cb1c540.mp4,"{""pageId"":""1086399221215093"",""targetType"":""facebook""}",scheduled,snapshot taken 2026-09-02 before the 14 day window was enforced
4022477,2026-09-04 15:00,instagram,45886,thegentlemuse2026,"She is never going to explain herself.

Sarah Winchester built a house for 35 years and never once said why. Bought it in 1886, kept building until she died in 1922.

Every ghost story about that house was written after she was dead, by people who couldn't stand not knowing.

People will build you a whole haunted house rather than accept the silence.

Comment CESA and follow @cesasgoldenyears. I'll send you the 15 pages on what actually keeps her comfortable, free.

#spookyseason #winchestermysteryhouse #seniordog #history #gentlemuse",https://database.blotato.io/storage/v1/object/public/public_media/5472a21c-0213-4305-8693-b19295e4d67e/ed94335b-41e8-4831-9c02-a5f81477d1cc.mp4,"{""mediaType"":""reel"",""targetType"":""instagram"",""shareToFeed"":true}",scheduled,snapshot taken 2026-09-02 before the 14 day window was enforced
3927280,2026-09-04 17:00,facebook,30840,The Gentle Muse ,10 of her years have been mine.,https://database.blotato.io/storage/v1/object/public/public_media/5472a21c-0213-4305-8693-b19295e4d67e/77e3abf3-84e0-43ea-a7e9-dd71c70b7d04.mp4,"{""pageId"":""1086399221215093"",""mediaType"":""story"",""targetType"":""facebook""}",scheduled,snapshot taken 2026-09-02 before the 14 day window was enforced
3601716,2026-09-04 18:00,instagram,45886,thegentlemuse2026,"I left the house, so now we are all being productive. Roll call, what are you actually getting done today? 👇 #gentlemuse #letschat #community #womenover40 #reallife",https://database.blotato.io/storage/v1/object/public/public_media/5472a21c-0213-4305-8693-b19295e4d67e/b2236dd0-9ecf-4f46-b278-965cb2dc202e.mp4,"{""targetType"":""instagram""}",scheduled,snapshot taken 2026-09-02 before the 14 day window was enforced
3985167,2026-09-04 19:00,instagram,65540,cesasgoldenyears,"She still does a lap of the whole house.

Pale grid tile the whole way. Past the pink bed in the corner, past the gate, around the tripod I left standing in the middle of the room, and under the chair with the pink blanket thrown over it.

Ears up the entire time. She is not going anywhere in particular. She is checking that it is all still where she left it.

12 seconds, 19 years old, still doing the rounds.

Comment CESA and I'll send you her guide. 15 pages of what actually keeps her comfortable, free.

Follow along for more of her.

#seniordog #chihuahua #dogmom #slowliving #calmcontent",https://database.blotato.io/storage/v1/object/public/public_media/5472a21c-0213-4305-8693-b19295e4d67e/bee46e66-20b0-4a13-9d47-7807ffaa7a74.mp4,"{""mediaType"":""reel"",""targetType"":""instagram""}",scheduled,snapshot taken 2026-09-02 before the 14 day window was enforced
3985172,2026-09-04 19:10,tiktok,55761,cesasgoldenyears,"She still does a lap of the whole house.

Pale grid tile the whole way. Past the pink bed in the corner, past the gate, around the tripod I left standing in the middle of the room, and under the chair with the pink blanket thrown over it.

Ears up the entire time. She is not going anywhere in particular. She is checking that it is all still where she left it.

12 seconds, 19 years old, still doing the rounds.

Follow along for more of her.

#seniordog #chihuahua #dogmom #slowliving",https://database.blotato.io/storage/v1/object/public/public_media/5472a21c-0213-4305-8693-b19295e4d67e/1bce4acf-f471-41db-a1c9-aaa306bb21fa.mp4,"{""targetType"":""tiktok"",""isYourBrand"":true,""disabledDuet"":false,""privacyLevel"":""PUBLIC_TO_EVERYONE"",""isAiGenerated"":false,""disabledStitch"":false,""disabledComments"":false,""isBrandedContent"":false}",scheduled,snapshot taken 2026-09-02 before the 14 day window was enforced
4024415,2026-09-05 08:30,twitter,21430,GentleMuse2026,"Start with number 2. It's under an hour.

As a Man Thinketh. Free right now, no card and no signup. You can finish it before the laundry dries.

1 finished book beats 10 saved ones.",,"{""targetType"":""twitter""}",scheduled,snapshot taken 2026-09-02 before the 14 day window was enforced
4024454,2026-09-05 08:30,linkedin,20723,AMANDA KERSH,"5 books that are free forever. Not free for 30 days.

Meditations. As a Man Thinketh. The Richest Man in Babylon. Think and Grow Rich.

Public domain. No account, no waitlist, no card.

https://press-play.subscribepage.io",https://database.blotato.io/storage/v1/object/public/public_media/5472a21c-0213-4305-8693-b19295e4d67e/1d84a8ec-11bb-4504-b846-f41e09235acb.jpeg,"{""targetType"":""linkedin""}",scheduled,snapshot taken 2026-09-02 before the 14 day window was enforced
4055899,2026-09-05 10:00,instagram,45886,thegentlemuse2026,"She's 19 and today nothing happened.

She stayed on the blanket with her panda, ears up, watching me move around the room. I put my hand on her head and she let me.

Nobody tells you the last easy year is the one you're in.

Follow @cesasgoldenyears for more of her.

#seniordog #chihuahua #dogmom #cesasgoldenyears",https://database.blotato.io/storage/v1/object/public/public_media/5472a21c-0213-4305-8693-b19295e4d67e/be8faa39-65e0-40d2-aaa6-9b1d70dfe48d.mp4,"{""mediaType"":""reel"",""targetType"":""instagram"",""shareToFeed"":true}",scheduled,snapshot taken 2026-09-02 before the 14 day window was enforced
4024186,2026-09-05 12:00,instagram,45886,thegentlemuse2026,"Your towels aren't old. They're coated.

Fabric softener leaves a film behind, and that film is exactly what makes them feel soft. It also repels water, which is the opposite of a towel's job.

It builds up slowly over months, so it feels like the towel just wore out. It didn't. Wash them hot with vinegar and no softener, and they come back.

Save this for the next laundry day. Send it to whoever buys the softener.

Comment CONSIDER and I'll add you.

#laundrytips #homemaintenance #gentlemuse #cleaningtips",https://database.blotato.io/storage/v1/object/public/public_media/5472a21c-0213-4305-8693-b19295e4d67e/08c24c85-28bf-4ab4-bf3a-95e8a1f80f08.png,"{""targetType"":""instagram""}",scheduled,snapshot taken 2026-09-02 before the 14 day window was enforced
4024564,2026-09-05 12:00,tiktok,41488,thegentlemuse2026,"The first Labor Day parade was September 5, 1882. 10,000 workers marched and every one of them lost a day's pay to be there. Nobody gave them the weekend. Follow for the real one, every holiday, before the day gets here. What else were you taught soft? #labordayweekend #history #historytok #fyp",https://database.blotato.io/storage/v1/object/public/public_media/5472a21c-0213-4305-8693-b19295e4d67e/b8f4ea49-3c62-4823-a026-8f90c9616910.mp4,"{""targetType"":""tiktok"",""isYourBrand"":false,""disabledDuet"":false,""privacyLevel"":""PUBLIC_TO_EVERYONE"",""isAiGenerated"":false,""disabledStitch"":false,""disabledComments"":false,""isBrandedContent"":false}",scheduled,snapshot taken 2026-09-02 before the 14 day window was enforced
3691555,2026-09-05 12:10,facebook,30840,The Gentle Muse ,"#TargetPartner #ad Small thing, disproportionate payoff. Adornia 14k gold plated black clover station necklace. It sits flat, it layers, and it does not come out of my bag in a knot. A plain black tee stops looking plain. This is the kind of find I mean when I say small things make the day run softer. 🛒 https://club.target.com/s/amanda.20/_/sku/1005653750 @target #ClubTarget #TargetLittleFinds",https://database.blotato.io/storage/v1/object/public/public_media/5472a21c-0213-4305-8693-b19295e4d67e/232050d5-f762-4791-a8e5-8e9929a8d011.mp4,"{""pageId"":""1086399221215093"",""targetType"":""facebook""}",scheduled,snapshot taken 2026-09-02 before the 14 day window was enforced
3691551,2026-09-05 15:00,instagram,45886,thegentlemuse2026,"Slow, steady, and figuring it out as I go. Follow along for the real build in public. #gentlemuse #buildinpublic #softdiscipline #womeninbusiness #showup",https://database.blotato.io/storage/v1/object/public/public_media/5472a21c-0213-4305-8693-b19295e4d67e/74c42491-bbdb-4cec-8784-ac80eab9476a.mp4,"{""targetType"":""instagram""}",scheduled,snapshot taken 2026-09-02 before the 14 day window was enforced
4055307,2026-09-05 17:00,instagram,45886,thegentlemuse2026,"The first Labor Day parade was September 5, 1882. Today, 144 years ago.

10,000 workers marched through New York. Nobody gave them the day off. They took it, and every one of them lost a day's pay to be there.

Somebody you know thinks the weekend was a gift. It was an invoice.

Comment SEASONAL and I'll send you the note. Every holiday carries a fact somebody softened, and I post the real one before the day arrives.

Follow @thegentlemuse2026 for the rest of the season.

#labordayweekend #history #historyfacts #thegentlemuse",https://database.blotato.io/storage/v1/object/public/public_media/5472a21c-0213-4305-8693-b19295e4d67e/10694ff6-80fc-4a68-8894-d4351090f6fc.mp4,"{""mediaType"":""reel"",""targetType"":""instagram"",""shareToFeed"":true}",scheduled,snapshot taken 2026-09-02 before the 14 day window was enforced
4055362,2026-09-05 17:00,facebook,30840,The Gentle Muse ,"The first Labor Day parade was September 5, 1882. Today, 144 years ago.

10,000 workers marched through New York. Nobody gave them the day off. They took it, and every one of them lost a day's pay to be there.

Somebody you know thinks the weekend was a gift. It was an invoice.

Comment SEASONAL and I'll send you the note. Every holiday carries a fact somebody softened, and I post the real one before the day arrives.",https://database.blotato.io/storage/v1/object/public/public_media/5472a21c-0213-4305-8693-b19295e4d67e/f5722026-9da8-4d25-b830-df3e8f0adacf.mp4,"{""pageId"":""1086399221215093"",""mediaType"":""reel"",""targetType"":""facebook"",""firstComment"":""Prefer the link? Here it is: https://consider-this.subscribepage.io""}",scheduled,snapshot taken 2026-09-02 before the 14 day window was enforced
3985186,2026-09-05 19:00,instagram,65540,cesasgoldenyears,"She has her own seat and she yawns in it like the trip is an inconvenience.

Pink booster bed, little grey paw prints all over it, tucked into the car seat behind her. She yawns twice in the first 5 seconds, tongue all the way out both times, looks off to the side, then turns and looks straight at me.

White all through the muzzle now. Ears still go straight up.

19 years old and she still gets her own seat.

Comment CESA and I'll send you her guide. 15 pages of what actually keeps her comfortable, free.

Follow along for more of her.

#seniordog #chihuahua #dogmom #19yearsold",https://database.blotato.io/storage/v1/object/public/public_media/5472a21c-0213-4305-8693-b19295e4d67e/828d7b1c-244f-40b2-8006-3f0b81828839.mp4,"{""mediaType"":""reel"",""targetType"":""instagram""}",scheduled,snapshot taken 2026-09-02 before the 14 day window was enforced
3985189,2026-09-05 19:10,tiktok,55761,cesasgoldenyears,"She has her own seat and she yawns in it like the trip is an inconvenience.

Pink booster bed, little grey paw prints all over it, tucked into the car seat behind her. She yawns twice in the first 5 seconds, tongue all the way out both times, looks off to the side, then turns and looks straight at me.

White all through the muzzle now. Ears still go straight up.

19 years old and she still gets her own seat.

Follow along for more of her.

#seniordog #chihuahua #dogmom #19yearsold",https://database.blotato.io/storage/v1/object/public/public_media/5472a21c-0213-4305-8693-b19295e4d67e/e889a208-bb97-4598-8a09-28fd88085b97.mp4,"{""targetType"":""tiktok"",""isYourBrand"":true,""disabledDuet"":false,""privacyLevel"":""PUBLIC_TO_EVERYONE"",""isAiGenerated"":false,""disabledStitch"":false,""disabledComments"":false,""isBrandedContent"":false}",scheduled,snapshot taken 2026-09-02 before the 14 day window was enforced
4024426,2026-09-06 08:30,twitter,21430,GentleMuse2026,"Somebody said there are 9 free AI courses sitting out in the open. I went and counted. There were 21.

The piece wasn't wrong. It was 5 days old.

That's the real difficulty. Not that it's hard. The ground moves fast enough to make careful homework stale inside a week.",,"{""targetType"":""twitter""}",scheduled,snapshot taken 2026-09-02 before the 14 day window was enforced
4024478,2026-09-06 08:30,linkedin,20723,AMANDA KERSH,"Slow, steady, figuring it out as I go, and posting it before I know whether it worked.

That last part is the uncomfortable one. I am not 10 years ahead of anybody here. I am about 10 hours ahead, and it turns out that is enough to be useful.

https://just-another-tuesday-gm.subscribepage.io",https://database.blotato.io/storage/v1/object/public/public_media/5472a21c-0213-4305-8693-b19295e4d67e/74c42491-bbdb-4cec-8784-ac80eab9476a.mp4,"{""targetType"":""linkedin""}",scheduled,snapshot taken 2026-09-02 before the 14 day window was enforced
3836046,2026-09-06 10:00,instagram,45886,thegentlemuse2026,"The highest rated furnace filter might be the wrong one for your house.

Those numbers measure how fine the mesh is, not how good the filter is. A denser one catches more and makes your blower work harder.

Most houses need the right filter, changed on time. Swipe for how to tell which you've got.

Comment CONSIDER and I'll send you the weekly note.

#homemaintenance #hvac #homeowner #houseprojects",https://database.blotato.io/storage/v1/object/public/public_media/5472a21c-0213-4305-8693-b19295e4d67e/716b8069-64c2-4dcf-ae68-95faccf9f442.jpeg|https://database.blotato.io/storage/v1/object/public/public_media/5472a21c-0213-4305-8693-b19295e4d67e/0d7fb17b-da45-4c31-bcb7-84f75a1f972e.jpeg|https://database.blotato.io/storage/v1/object/public/public_media/5472a21c-0213-4305-8693-b19295e4d67e/bb3720f5-d162-4927-a70e-b0b62344e2bb.jpeg|https://database.blotato.io/storage/v1/object/public/public_media/5472a21c-0213-4305-8693-b19295e4d67e/fad37411-c30a-43e8-8fe1-3dcbd14ebc25.jpeg|https://database.blotato.io/storage/v1/object/public/public_media/5472a21c-0213-4305-8693-b19295e4d67e/8c2573be-117e-4070-9738-86e9e47bbafe.jpeg|https://database.blotato.io/storage/v1/object/public/public_media/5472a21c-0213-4305-8693-b19295e4d67e/64875ae6-b857-4ea1-b8af-cc0951e9f749.jpeg,"{""targetType"":""instagram""}",scheduled,snapshot taken 2026-09-02 before the 14 day window was enforced
4024566,2026-09-06 12:00,tiktok,41488,thegentlemuse2026,"Halloween was never about fear. It came out of Samhain, the night the year turned and the boundary went thin. People needed a ritual for the part of the year that gets dark. They still do. Follow for the real one, every holiday, before the day gets here. Are you a fall person or are you already dreading it? #spookyseason #samhain #fall #historytok #fyp",https://database.blotato.io/storage/v1/object/public/public_media/5472a21c-0213-4305-8693-b19295e4d67e/bc76469c-ee4d-4bd2-9572-2656b601f278.mp4,"{""targetType"":""tiktok"",""isYourBrand"":false,""disabledDuet"":false,""privacyLevel"":""PUBLIC_TO_EVERYONE"",""isAiGenerated"":false,""disabledStitch"":false,""disabledComments"":false,""isBrandedContent"":false}",scheduled,snapshot taken 2026-09-02 before the 14 day window was enforced
4055372,2026-09-06 12:00,facebook,30840,The Gentle Muse ,"Halloween was never about fear.

It grew out of Samhain, the Gaelic festival marking the end of harvest and the start of winter. The night the year turned and the boundary went thin.

People needed a ritual for the part of the year that gets dark. They still do.

Somebody you know is already dreading the dark months. This one is for them.

Comment SEASONAL and I'll send you the note. Every holiday carries a fact somebody softened, and I post the real one before the day arrives.",https://database.blotato.io/storage/v1/object/public/public_media/5472a21c-0213-4305-8693-b19295e4d67e/9a6027b2-5ebc-4fba-aa99-c349987bf6b8.mp4,"{""pageId"":""1086399221215093"",""mediaType"":""reel"",""targetType"":""facebook"",""firstComment"":""Prefer the link? Here it is: https://consider-this.subscribepage.io""}",scheduled,snapshot taken 2026-09-02 before the 14 day window was enforced
4055314,2026-09-06 15:00,instagram,45886,thegentlemuse2026,"Halloween was never about fear.

It grew out of Samhain, the Gaelic festival marking the end of harvest and the start of winter. The night the year turned and the boundary went thin.

People needed a ritual for the part of the year that gets dark. They still do.

Somebody you know is already dreading the dark months. This one is for them.

Comment SEASONAL and I'll send you the note. Every holiday carries a fact somebody softened, and I post the real one before the day arrives.

Follow @thegentlemuse2026 for the rest of the season.

#spookyseason #samhain #fall #history #thegentlemuse",https://database.blotato.io/storage/v1/object/public/public_media/5472a21c-0213-4305-8693-b19295e4d67e/c250b0f2-0998-40be-bbc8-9ce03c656db3.mp4,"{""mediaType"":""reel"",""targetType"":""instagram"",""shareToFeed"":true}",scheduled,snapshot taken 2026-09-02 before the 14 day window was enforced
3836000,2026-09-06 18:00,tiktok,41488,thegentlemuse2026,"Coming home after a long shift to the only review that doesn't ask how the day went.

Not what got done. Not what didn't. Not the thing I said wrong at 10 AM and thought about until 6.

She just wants me back in the house. That's the whole review.

Follow along, she's 19 and she runs this house.

#LearnOnTikTok #gentlemuse #seniordog #chihuahua #dogmom",https://database.blotato.io/storage/v1/object/public/public_media/5472a21c-0213-4305-8693-b19295e4d67e/e6872068-adef-4481-83af-bb4c803f0cad.mp4,"{""targetType"":""tiktok"",""isYourBrand"":true,""disabledDuet"":false,""privacyLevel"":""PUBLIC_TO_EVERYONE"",""isAiGenerated"":false,""disabledStitch"":false,""disabledComments"":false,""isBrandedContent"":false}",scheduled,snapshot taken 2026-09-02 before the 14 day window was enforced
4019118,2026-09-06 18:00,instagram,45886,thegentlemuse2026,"I am the main character and my 19 year old Chihuahua is the scene stealing second banana. She has never once agreed to a supporting role. Comment CESA and follow @cesasgoldenyears.

#gentlemuse #seniordog #chihuahua #dogmom #cesasgoldenyears",https://database.blotato.io/storage/v1/object/public/public_media/5472a21c-0213-4305-8693-b19295e4d67e/b86bcb2c-8d29-4cbe-be1a-cd04b9749c52.mp4,"{""targetType"":""instagram""}",scheduled,snapshot taken 2026-09-02 before the 14 day window was enforced
4024418,2026-09-07 08:30,twitter,21430,GentleMuse2026,"5 are free forever, no account and no card. The other 5 are free library borrows. A library card is not a subscription. I'd rather you finish 2 than bookmark 50.",,"{""targetType"":""twitter""}",scheduled,snapshot taken 2026-09-02 before the 14 day window was enforced
3630594,2026-09-07 10:00,instagram,45886,thegentlemuse2026,"Part 2 of the day. Fully dressed, out the door, nothing dramatic happening. Just following through on what I said I would do. That is most of what this has actually been, and I think that is the honest version worth showing. What is one thing you are following through on this week? #gentlemuse #letschat #community #womenover40 #reallife",https://database.blotato.io/storage/v1/object/public/public_media/5472a21c-0213-4305-8693-b19295e4d67e/e11d82d0-f8dd-4365-8bab-3db34cb1c540.mp4,"{""targetType"":""instagram""}",scheduled,snapshot taken 2026-09-02 before the 14 day window was enforced
4024567,2026-09-07 12:00,tiktok,41488,thegentlemuse2026,"Labor Day is in September on purpose. The rest of the world marks workers on May 1, which is tied to Haymarket in 1886 and the men hanged after it. September let the country celebrate without remembering. Follow for the real one, every holiday, before the day gets here. Did anybody teach you this one? #labordayweekend #history #historytok #fyp",https://database.blotato.io/storage/v1/object/public/public_media/5472a21c-0213-4305-8693-b19295e4d67e/093ed648-2ae3-4084-9165-a8662fa2b086.mp4,"{""targetType"":""tiktok"",""isYourBrand"":false,""disabledDuet"":false,""privacyLevel"":""PUBLIC_TO_EVERYONE"",""isAiGenerated"":false,""disabledStitch"":false,""disabledComments"":false,""isBrandedContent"":false}",scheduled,snapshot taken 2026-09-02 before the 14 day window was enforced
3709357,2026-09-07 12:10,facebook,30840,The Gentle Muse ,"My 19 year old just entered her party era and none of us were consulted about it.

Not me. Not the vet. Nobody got a vote.

She simply decided, and the rest of us are living here now.

Comment CESA and I'll send you the Thursday note.",https://database.blotato.io/storage/v1/object/public/public_media/5472a21c-0213-4305-8693-b19295e4d67e/cf634c93-747b-4d9d-8d97-6e99e454a722.mp4,"{""pageId"":""1086399221215093"",""mediaType"":""reel"",""targetType"":""facebook""}",scheduled,snapshot taken 2026-09-02 before the 14 day window was enforced
3709359,2026-09-07 12:20,youtube,36129,Amanda Kersh (Amanda Kersh | The Gentle Muse),"Coming home after a long shift to something that does not care how the day went or what got done.

She just wants me back in the house. That is the whole review.

Subscribe for more of her. The weekly note is here, and every issue ends with Cesa.

https://consider-this.subscribepage.io

#gentlemuse #seniordog #shorts",https://database.blotato.io/storage/v1/object/public/public_media/5472a21c-0213-4305-8693-b19295e4d67e/e6872068-adef-4481-83af-bb4c803f0cad.mp4,"{""title"":""The only review that doesn't ask how the day went"",""targetType"":""youtube"",""privacyStatus"":""public"",""shouldNotifySubscribers"":false}",scheduled,snapshot taken 2026-09-02 before the 14 day window was enforced
4055329,2026-09-07 15:00,instagram,45886,thegentlemuse2026,"Labor Day is in September on purpose.

The rest of the world marks workers on May 1. That date is tied to Chicago's Haymarket affair of 1886, and to the men hanged after it.

A September date let the country celebrate the worker without remembering what happened to them.

Somebody you know says it's just a long weekend. Now you know what it cost.

Comment SEASONAL and I'll send you the note. Every holiday carries a fact somebody softened, and I post the real one before the day arrives.

Follow @thegentlemuse2026 for the rest of the season.

#labordayweekend #history #historyfacts #thegentlemuse",https://database.blotato.io/storage/v1/object/public/public_media/5472a21c-0213-4305-8693-b19295e4d67e/25a7ec7a-bbd8-4eb2-b5b3-58d4b802b085.mp4,"{""mediaType"":""reel"",""targetType"":""instagram"",""shareToFeed"":true}",scheduled,snapshot taken 2026-09-02 before the 14 day window was enforced
4055373,2026-09-07 17:00,facebook,30840,The Gentle Muse ,"Labor Day is in September on purpose.

The rest of the world marks workers on May 1. That date is tied to Chicago's Haymarket affair of 1886, and to the men hanged after it.

A September date let the country celebrate the worker without remembering what happened to them.

Somebody you know says it's just a long weekend. Now you know what it cost.

Comment SEASONAL and I'll send you the note. Every holiday carries a fact somebody softened, and I post the real one before the day arrives.",https://database.blotato.io/storage/v1/object/public/public_media/5472a21c-0213-4305-8693-b19295e4d67e/9bba2a00-2edb-40c9-92cd-ed2e468c8723.mp4,"{""pageId"":""1086399221215093"",""mediaType"":""reel"",""targetType"":""facebook"",""firstComment"":""Prefer the link? Here it is: https://consider-this.subscribepage.io""}",scheduled,snapshot taken 2026-09-02 before the 14 day window was enforced
3499931,2026-09-07 18:00,instagram,45886,thegentlemuse2026,"Start with number 2. It's under an hour.

As a Man Thinketh. Free right now, no card and no signup. You can finish it before the laundry dries.

1 finished book beats 10 saved ones. Then pick the next. The list tells you where each one is free.

Comment PLAY and I'll send you the list.",https://database.blotato.io/storage/v1/object/public/public_media/5472a21c-0213-4305-8693-b19295e4d67e/a9da11f2-1032-4ff2-ba96-7afa0412f288.jpeg|https://database.blotato.io/storage/v1/object/public/public_media/5472a21c-0213-4305-8693-b19295e4d67e/ea2a8ba9-551e-48d3-ab56-450a9f2c445c.jpeg|https://database.blotato.io/storage/v1/object/public/public_media/5472a21c-0213-4305-8693-b19295e4d67e/66e75175-4dcd-45c4-8893-cb5a4a0cff55.jpeg|https://database.blotato.io/storage/v1/object/public/public_media/5472a21c-0213-4305-8693-b19295e4d67e/b690ec82-8d18-4f8c-a7e7-a99263882558.jpeg|https://database.blotato.io/storage/v1/object/public/public_media/5472a21c-0213-4305-8693-b19295e4d67e/39469bfc-4702-4e0c-a504-19c3ce1f6c86.jpeg|https://database.blotato.io/storage/v1/object/public/public_media/5472a21c-0213-4305-8693-b19295e4d67e/f7f2dcab-ee85-4b25-b55a-526a5e431557.jpeg,"{""targetType"":""instagram"",""firstComment"":""https://press-play.subscribepage.io""}",scheduled,snapshot taken 2026-09-02 before the 14 day window was enforced
3985199,2026-09-07 19:00,instagram,65540,cesasgoldenyears,"She picked the blanket with the gold on it.

Black and gold fleur de lis throw, bunched up on the floor beside a wooden chair leg. She is lying on it with her front legs stretched out, ears up, head turning to follow me around the room.

She is not asleep in any of these 8 seconds. She is lying down and keeping track.

19 years old, and she still picks her own spot.

Comment CESA and I'll send you her guide. 15 pages of what actually keeps her comfortable, free.

Follow along for more of her.

#seniordog #chihuahua #dogmom #calmcontent",https://database.blotato.io/storage/v1/object/public/public_media/5472a21c-0213-4305-8693-b19295e4d67e/6f6d36a6-588d-4bd2-a581-e58574a79ce3.mp4,"{""mediaType"":""reel"",""targetType"":""instagram""}",scheduled,snapshot taken 2026-09-02 before the 14 day window was enforced
3985205,2026-09-07 19:10,tiktok,55761,cesasgoldenyears,"She picked the blanket with the gold on it.

Black and gold fleur de lis throw, bunched up on the floor beside a wooden chair leg. She is lying on it with her front legs stretched out, ears up, head turning to follow me around the room.

She is not asleep in any of these 8 seconds. She is lying down and keeping track.

19 years old, and she still picks her own spot.

Follow along for more of her.

#seniordog #chihuahua #dogmom #calmcontent",https://database.blotato.io/storage/v1/object/public/public_media/5472a21c-0213-4305-8693-b19295e4d67e/1d514e8f-ad66-4e16-bf4e-872b72b9ba69.mp4,"{""targetType"":""tiktok"",""isYourBrand"":true,""disabledDuet"":false,""privacyLevel"":""PUBLIC_TO_EVERYONE"",""isAiGenerated"":false,""disabledStitch"":false,""disabledComments"":false,""isBrandedContent"":false}",scheduled,snapshot taken 2026-09-02 before the 14 day window was enforced
4055332,2026-09-08 10:00,instagram,45886,thegentlemuse2026,"Are You Afraid of the Dark started in 1992.

The whole format was children telling each other stories in the woods. No adult ever explained it. No adult ever arrived to make it safe.

The scary part was never the monster. It was being trusted with the story.

Somebody you know watched this at a sleepover. They still remember which one.

Comment SEASONAL and I'll send you the note. Every holiday carries a fact somebody softened, and I post the real one before the day arrives.

Follow @thegentlemuse2026 for the rest of the season.

#areyouafraidofthedark #90skids #spookyseason #nickelodeon #thegentlemuse",https://database.blotato.io/storage/v1/object/public/public_media/5472a21c-0213-4305-8693-b19295e4d67e/756a6aa6-7c5a-4517-987b-70cd936893b1.mp4,"{""mediaType"":""reel"",""targetType"":""instagram"",""shareToFeed"":true}",scheduled,snapshot taken 2026-09-02 before the 14 day window was enforced
3709362,2026-09-08 12:00,instagram,45886,thegentlemuse2026,"My 19 year old Chihuahua entered her party era and none of us were consulted.

She did not ask. She did not hint. She simply began, and now this is the household we live in.

Comment CESA and I'll send you the Thursday note.

#gentlemuse #seniordog #chihuahua #dogmom #cesasgoldenyears",https://database.blotato.io/storage/v1/object/public/public_media/5472a21c-0213-4305-8693-b19295e4d67e/b733ee6d-35da-4072-8999-139fb1b86735.mp4,"{""mediaType"":""reel"",""targetType"":""instagram""}",scheduled,snapshot taken 2026-09-02 before the 14 day window was enforced
4024569,2026-09-08 12:00,tiktok,41488,thegentlemuse2026,"Are You Afraid of the Dark started in 1992 and the whole format was children telling each other stories in the woods. No adult ever arrived to make it safe. The scary part was never the monster, it was being trusted with the story. Follow for the real one, every holiday, before the day gets here. Which episode is still in your head? #areyouafraidofthedark #90skids #nickelodeon #spookyseason #fyp",https://database.blotato.io/storage/v1/object/public/public_media/5472a21c-0213-4305-8693-b19295e4d67e/ca620247-7f93-4334-b067-0264f4938ae0.mp4,"{""targetType"":""tiktok"",""isYourBrand"":false,""disabledDuet"":false,""privacyLevel"":""PUBLIC_TO_EVERYONE"",""isAiGenerated"":false,""disabledStitch"":false,""disabledComments"":false,""isBrandedContent"":false}",scheduled,snapshot taken 2026-09-02 before the 14 day window was enforced
4055380,2026-09-08 12:00,facebook,30840,The Gentle Muse ,"Are You Afraid of the Dark started in 1992.

The whole format was children telling each other stories in the woods. No adult ever explained it. No adult ever arrived to make it safe.

The scary part was never the monster. It was being trusted with the story.

Somebody you know watched this at a sleepover. They still remember which one.

Comment SEASONAL and I'll send you the note. Every holiday carries a fact somebody softened, and I post the real one before the day arrives.",https://database.blotato.io/storage/v1/object/public/public_media/5472a21c-0213-4305-8693-b19295e4d67e/02961a5e-d76f-480b-a589-cc4a6136d62c.mp4,"{""pageId"":""1086399221215093"",""mediaType"":""reel"",""targetType"":""facebook"",""firstComment"":""Prefer the link? Here it is: https://consider-this.subscribepage.io""}",scheduled,snapshot taken 2026-09-02 before the 14 day window was enforced
3836002,2026-09-08 18:00,tiktok,41488,thegentlemuse2026,"Every weird sleeping position gets a 3 second stare. Every single one.

Are you comfortable, or is this the one where I call somebody. There's no in between at 19.

She has never once been in distress. I have aged 4 years doing this.

Follow along, she's 19 and undefeated.

#LearnOnTikTok #gentlemuse #seniordog #chihuahua #dogmom",https://database.blotato.io/storage/v1/object/public/public_media/5472a21c-0213-4305-8693-b19295e4d67e/2c088470-4585-4866-af5b-7686e51c5e43.mp4,"{""targetType"":""tiktok"",""isYourBrand"":true,""disabledDuet"":false,""privacyLevel"":""PUBLIC_TO_EVERYONE"",""isAiGenerated"":false,""disabledStitch"":false,""disabledComments"":false,""isBrandedContent"":false}",scheduled,snapshot taken 2026-09-02 before the 14 day window was enforced
4024188,2026-09-08 18:00,instagram,45886,thegentlemuse2026,"The highest rated furnace filter might be the wrong one for your house.

Those numbers measure how fine the mesh is, not how good the filter is. A denser filter catches more, and it also makes your blower work harder to pull air through it. On an older system that shows up as weaker airflow, longer run times, and a unit that wears out sooner.

Most houses do not need the top of the shelf. They need the right one, changed on time.

Swipe for how to tell which you've got.

Comment CONSIDER and I'll send you the weekly note. 1 overlooked thing in your home, every week.

#homemaintenance #hvac #homeowner #houseprojects",https://database.blotato.io/storage/v1/object/public/public_media/5472a21c-0213-4305-8693-b19295e4d67e/0d7fb17b-da45-4c31-bcb7-84f75a1f972e.jpeg,"{""targetType"":""instagram""}",scheduled,snapshot taken 2026-09-02 before the 14 day window was enforced
4055909,2026-09-09 10:00,instagram,45886,thegentlemuse2026,"She stops every few seconds to look up and check I'm still there.

Not for food. Not to be let out. Just making sure I haven't moved. She did it 3 times in 8 seconds.

That's the part I'll miss. Not the big things.

Follow @cesasgoldenyears for more of her.

#seniordog #chihuahua #dogmom #cesasgoldenyears",https://database.blotato.io/storage/v1/object/public/public_media/5472a21c-0213-4305-8693-b19295e4d67e/ab1122ee-5bd6-44ee-aabb-6ea68de6b991.mp4,"{""mediaType"":""reel"",""targetType"":""instagram"",""shareToFeed"":true}",scheduled,snapshot taken 2026-09-02 before the 14 day window was enforced
3709367,2026-09-09 12:00,instagram,45886,thegentlemuse2026,"The 3 second stare. Every time, without fail.

19 years old and she still finds brand new positions to alarm me in. I have never been right to worry. I keep doing it anyway, and I think at this point that is just love with bad manners.

Comment CESA and I'll send you the Thursday note.

#gentlemuse #seniordog #chihuahua #dogmom #cesasgoldenyears",https://database.blotato.io/storage/v1/object/public/public_media/5472a21c-0213-4305-8693-b19295e4d67e/163e0021-3dca-4ca1-a264-31a175883285.mp4,"{""mediaType"":""reel"",""targetType"":""instagram""}",scheduled,snapshot taken 2026-09-02 before the 14 day window was enforced
4024570,2026-09-09 12:00,tiktok,41488,thegentlemuse2026,"Goosebumps started in 1992 and R.L. Stine was writing them at roughly one a month. Fast, cheap, for kids, dismissed by every serious critic. It taught a whole generation that a chapter ending on a hook is worth finishing. Follow for the real one, every holiday, before the day gets here. Which cover still gives you a feeling? #goosebumps #90skids #rlstine #spookyseason #fyp",https://database.blotato.io/storage/v1/object/public/public_media/5472a21c-0213-4305-8693-b19295e4d67e/e95bc00d-db1a-4d2a-a134-cf59e0390e5f.mp4,"{""targetType"":""tiktok"",""isYourBrand"":false,""disabledDuet"":false,""privacyLevel"":""PUBLIC_TO_EVERYONE"",""isAiGenerated"":false,""disabledStitch"":false,""disabledComments"":false,""isBrandedContent"":false}",scheduled,snapshot taken 2026-09-02 before the 14 day window was enforced
3709369,2026-09-09 12:10,facebook,30840,The Gentle Muse ,"POV, you peed in Mom's office.

But you are 19, you are adorable, and you are fully aware that 1 sad little face gets the whole case dismissed before it ever reaches trial.

I cleaned it up and then apologized to her. To HER. Sit with that.

Comment CESA and I'll send you the Thursday note.",https://database.blotato.io/storage/v1/object/public/public_media/5472a21c-0213-4305-8693-b19295e4d67e/f1845054-d423-48f1-a5e2-6e1c515f7c75.mp4,"{""pageId"":""1086399221215093"",""mediaType"":""reel"",""targetType"":""facebook""}",scheduled,snapshot taken 2026-09-02 before the 14 day window was enforced
3709371,2026-09-09 12:20,youtube,36129,Amanda Kersh (Amanda Kersh | The Gentle Muse),"Coming home to a 19 year old who does not care what got done, or what did not.

No follow up questions. She just wants me back in the house.

https://consider-this.subscribepage.io

#gentlemuse #seniordog #shorts",https://database.blotato.io/storage/v1/object/public/public_media/5472a21c-0213-4305-8693-b19295e4d67e/000820c0-3083-4dcb-9470-484e3350b8c6.mp4,"{""title"":""She does not care what got done, or what did not"",""targetType"":""youtube"",""privacyStatus"":""public"",""shouldNotifySubscribers"":false}",scheduled,snapshot taken 2026-09-02 before the 14 day window was enforced
4055342,2026-09-09 15:00,instagram,45886,thegentlemuse2026,"Goosebumps started in 1992.

R.L. Stine was writing them at roughly one a month. Fast, cheap, for children, and dismissed by every serious critic at the time.

It taught a generation that a short chapter ending on a hook is worth finishing.

Somebody you know learned to read from these. Not from the good books.

Comment SEASONAL and I'll send you the note. Every holiday carries a fact somebody softened, and I post the real one before the day arrives.

Follow @thegentlemuse2026 for the rest of the season.

#goosebumps #90skids #spookyseason #rlstine #thegentlemuse",https://database.blotato.io/storage/v1/object/public/public_media/5472a21c-0213-4305-8693-b19295e4d67e/c7510358-e69c-4866-8c1f-9b85901ce223.mp4,"{""mediaType"":""reel"",""targetType"":""instagram"",""shareToFeed"":true}",scheduled,snapshot taken 2026-09-02 before the 14 day window was enforced
4055384,2026-09-09 17:00,facebook,30840,The Gentle Muse ,"Goosebumps started in 1992.

R.L. Stine was writing them at roughly one a month. Fast, cheap, for children, and dismissed by every serious critic at the time.

It taught a generation that a short chapter ending on a hook is worth finishing.

Somebody you know learned to read from these. Not from the good books.

Comment SEASONAL and I'll send you the note. Every holiday carries a fact somebody softened, and I post the real one before the day arrives.",https://database.blotato.io/storage/v1/object/public/public_media/5472a21c-0213-4305-8693-b19295e4d67e/5ad6deed-8327-4ff5-83c9-ebc6468cf414.mp4,"{""pageId"":""1086399221215093"",""mediaType"":""reel"",""targetType"":""facebook"",""firstComment"":""Prefer the link? Here it is: https://consider-this.subscribepage.io""}",scheduled,snapshot taken 2026-09-02 before the 14 day window was enforced
3836067,2026-09-09 17:50,instagram,45886,thegentlemuse2026,"Your towels aren't old. They're coated.

Fabric softener leaves a waxy film on cotton. It feels soft in the cupboard and then the towel pushes water around instead of pulling it in. So you buy new towels, soften those too, and land in the same place about 6 months later.

Stripping the coating takes 1 wash. No new towels required.

Swipe for what to run and what to stop adding.

Comment CONSIDER and I'll send you the weekly note. 1 overlooked thing in your home, every week.

#laundry #cleaningtips #homemaintenance #homeowner",https://database.blotato.io/storage/v1/object/public/public_media/5472a21c-0213-4305-8693-b19295e4d67e/91a1591a-140a-4110-b7d1-7b29db4cfbb8.jpeg|https://database.blotato.io/storage/v1/object/public/public_media/5472a21c-0213-4305-8693-b19295e4d67e/e1b07694-dfe3-48be-8211-55d667dfdba7.jpeg|https://database.blotato.io/storage/v1/object/public/public_media/5472a21c-0213-4305-8693-b19295e4d67e/927bb6f3-7ce4-4744-a023-2b0331b3faa5.jpeg|https://database.blotato.io/storage/v1/object/public/public_media/5472a21c-0213-4305-8693-b19295e4d67e/38c7cd8f-d7fe-47ed-84c8-3a057e9a2db6.jpeg|https://database.blotato.io/storage/v1/object/public/public_media/5472a21c-0213-4305-8693-b19295e4d67e/78aa7b4b-692a-4abf-9b58-a8b5ac8d7ec9.jpeg|https://database.blotato.io/storage/v1/object/public/public_media/5472a21c-0213-4305-8693-b19295e4d67e/3f1d8197-1aff-4650-be1c-38e1e6a8e345.jpeg,"{""targetType"":""instagram""}",scheduled,snapshot taken 2026-09-02 before the 14 day window was enforced
3985217,2026-09-09 19:00,instagram,65540,cesasgoldenyears,"She does not look up once.

Head down in the purple bowl, back feet planted, working through it against the wooden cabinet. Twelve seconds and she never checks where I am, which for her is unusual.

At 19 she takes her time with this, and I have stopped being in a hurry about it.

Comment CESA and I'll send you her guide. 15 pages of what actually keeps her comfortable, free.

Follow along for more of her.

#seniordog #chihuahua #dogmom #19yearsold #quietmoments",https://database.blotato.io/storage/v1/object/public/public_media/5472a21c-0213-4305-8693-b19295e4d67e/c2fb1649-0117-47e7-a7e8-c90400330a09.mp4,"{""mediaType"":""reel"",""targetType"":""instagram""}",scheduled,snapshot taken 2026-09-02 before the 14 day window was enforced
3985220,2026-09-09 19:10,tiktok,55761,cesasgoldenyears,"She does not look up once.

Head down in the purple bowl, back feet planted, working through it against the wooden cabinet. Twelve seconds and she never checks where I am, which for her is unusual.

At 19 she takes her time with this, and I have stopped being in a hurry about it.

Follow along for more of her.

#seniordog #chihuahua #dogmom #19yearsold",https://database.blotato.io/storage/v1/object/public/public_media/5472a21c-0213-4305-8693-b19295e4d67e/efe4f31d-4248-48ae-86b0-3ea4ee4ae356.mp4,"{""targetType"":""tiktok"",""isYourBrand"":true,""disabledDuet"":false,""privacyLevel"":""PUBLIC_TO_EVERYONE"",""isAiGenerated"":false,""disabledStitch"":false,""disabledComments"":false,""isBrandedContent"":false}",scheduled,snapshot taken 2026-09-02 before the 14 day window was enforced
4055350,2026-09-10 10:00,instagram,45886,thegentlemuse2026,"Disney would not put its name on The Nightmare Before Christmas.

It came out in 1993 under Touchstone. They thought it was too dark and too strange for the Disney label.

It is now the thing they sell you every single October.

Somebody you know is hiding the strange one. That is usually the good one.

Comment SEASONAL and I'll send you the note. Every holiday carries a fact somebody softened, and I post the real one before the day arrives.

Follow @thegentlemuse2026 for the rest of the season.

#nightmarebeforechristmas #90skids #spookyseason #disney #thegentlemuse",https://database.blotato.io/storage/v1/object/public/public_media/5472a21c-0213-4305-8693-b19295e4d67e/7015af94-15c5-464c-8e79-6c9f5451ffca.mp4,"{""mediaType"":""reel"",""targetType"":""instagram"",""shareToFeed"":true}",scheduled,snapshot taken 2026-09-02 before the 14 day window was enforced
3709373,2026-09-10 12:00,instagram,45886,thegentlemuse2026,"Becoming her does not look aesthetic and I need everyone to know that.

It is laundry on the bed. It is automations running in the back of my head while I am supposed to be relaxing. It is doing the reps on a day that felt like absolutely nothing happened.

That is most of it. Not the montage. The nothing days.

What did you say you would do this week and then not do? I am not judging, I have a list and there are items on it from July.

#gentlemuse #buildinpublic #softdiscipline #womenover40 #reallife",https://database.blotato.io/storage/v1/object/public/public_media/5472a21c-0213-4305-8693-b19295e4d67e/4d1ba53c-33b9-4bfd-8372-48a6fb039501.mp4,"{""mediaType"":""reel"",""targetType"":""instagram""}",scheduled,snapshot taken 2026-09-02 before the 14 day window was enforced
4024572,2026-09-10 12:00,tiktok,41488,thegentlemuse2026,"Disney would not put its name on The Nightmare Before Christmas. It came out in 1993 under Touchstone because they thought it was too dark and too strange for the Disney label. It is now the thing they sell you every October. Follow for the real one, every holiday, before the day gets here. Halloween movie or Christmas movie? Settle it. #nightmarebeforechristmas #disney #90skids #spookyseason #fyp",https://database.blotato.io/storage/v1/object/public/public_media/5472a21c-0213-4305-8693-b19295e4d67e/34baf807-b28d-4059-9514-1db106f87f40.mp4,"{""targetType"":""tiktok"",""isYourBrand"":false,""disabledDuet"":false,""privacyLevel"":""PUBLIC_TO_EVERYONE"",""isAiGenerated"":false,""disabledStitch"":false,""disabledComments"":false,""isBrandedContent"":false}",scheduled,snapshot taken 2026-09-02 before the 14 day window was enforced
3709374,2026-09-10 12:10,facebook,30840,The Gentle Muse ,"A short one from the car, because that is genuinely when I have a minute.

Whatever you needed to hear today, take it and go about your day. I am not going to dress it up.

What are you carrying right now that you have not said out loud to anybody?",https://database.blotato.io/storage/v1/object/public/public_media/5472a21c-0213-4305-8693-b19295e4d67e/ea7ebeb2-1d8c-4e27-9247-67fccbe0d2f5.mp4,"{""pageId"":""1086399221215093"",""mediaType"":""reel"",""targetType"":""facebook""}",scheduled,snapshot taken 2026-09-02 before the 14 day window was enforced
4055397,2026-09-10 17:00,facebook,30840,The Gentle Muse ,"Disney would not put its name on The Nightmare Before Christmas.

It came out in 1993 under Touchstone. They thought it was too dark and too strange for the Disney label.

It is now the thing they sell you every single October.

Somebody you know is hiding the strange one. That is usually the good one.

Comment SEASONAL and I'll send you the note. Every holiday carries a fact somebody softened, and I post the real one before the day arrives.",https://database.blotato.io/storage/v1/object/public/public_media/5472a21c-0213-4305-8693-b19295e4d67e/f3b9150c-19d5-4c9c-aee6-161bb4e4715c.mp4,"{""pageId"":""1086399221215093"",""mediaType"":""reel"",""targetType"":""facebook"",""firstComment"":""Prefer the link? Here it is: https://consider-this.subscribepage.io""}",scheduled,snapshot taken 2026-09-02 before the 14 day window was enforced
3835223,2026-09-10 17:50,instagram,45886,thegentlemuse2026,"Your lint screen is clean. The duct behind it isn't.

The screen catches most of the lint. Most is not all. What slips past builds up in the duct where you can't see it, and lint is flammable.

Longer dry times are the first warning sign. If you're running everything twice, that's the duct talking, not the dryer dying.

Check it once a year. Send this to whoever does the laundry.

Comment CONSIDER and I'll add you.

#homemaintenance #laundryroom #gentlemuse #homesafety",https://database.blotato.io/storage/v1/object/public/public_media/5472a21c-0213-4305-8693-b19295e4d67e/92325fd3-bb6d-4829-881a-f1e3e11f7e94.png|https://database.blotato.io/storage/v1/object/public/public_media/5472a21c-0213-4305-8693-b19295e4d67e/3b0c256f-5b39-4851-8177-7a1d26845ca2.png|https://database.blotato.io/storage/v1/object/public/public_media/5472a21c-0213-4305-8693-b19295e4d67e/f74c1c90-bbbf-45c9-a960-9cb8f18532ff.png|https://database.blotato.io/storage/v1/object/public/public_media/5472a21c-0213-4305-8693-b19295e4d67e/336d43ec-7227-4273-ae04-588490b73207.png|https://database.blotato.io/storage/v1/object/public/public_media/5472a21c-0213-4305-8693-b19295e4d67e/f4e2bf20-2c50-4dd6-8774-d295064c73ce.png|https://database.blotato.io/storage/v1/object/public/public_media/5472a21c-0213-4305-8693-b19295e4d67e/892c861c-9056-47fb-a02a-944f9307cb96.png,"{""altText"":""Carousel explaining that a clean lint screen does not mean the dryer duct behind it is clear."",""targetType"":""instagram""}",scheduled,snapshot taken 2026-09-02 before the 14 day window was enforced
3836004,2026-09-10 18:00,tiktok,41488,thegentlemuse2026,"POV, you peed in Mom's office.

But you're 19, adorable, and fully aware that 1 sad little face gets the whole case dismissed.

I cleaned it up and apologized to her. To HER.

Follow along, she's never lost a case.

#LearnOnTikTok #gentlemuse #seniordog #chihuahua #dogmom",https://database.blotato.io/storage/v1/object/public/public_media/5472a21c-0213-4305-8693-b19295e4d67e/f1845054-d423-48f1-a5e2-6e1c515f7c75.mp4,"{""targetType"":""tiktok"",""isYourBrand"":true,""disabledDuet"":false,""privacyLevel"":""PUBLIC_TO_EVERYONE"",""isAiGenerated"":false,""disabledStitch"":false,""disabledComments"":false,""isBrandedContent"":false}",scheduled,snapshot taken 2026-09-02 before the 14 day window was enforced
4019127,2026-09-11 10:00,instagram,45886,thegentlemuse2026,"I wrote the AI guide I needed 60 days ago and couldn't find.

Most of what's out there assumes you already know the vocabulary, or it's a 40-step framework built for someone with a team. I had a shift to work, 1 income, and no idea what an automation actually was.

So I wrote down what worked, in order, in plain language. 59 pages. Free, and no account required to read it.

You do not need to be 10 years ahead on AI. About 10 hours is enough.

Comment GUIDE and I'll send it to you.

#aiforbeginners #buildinpublic #gentlemuse #aitools",https://database.blotato.io/storage/v1/object/public/public_media/5472a21c-0213-4305-8693-b19295e4d67e/3b37c2db-9a03-4024-bff7-7cc0a78c0ae2.png,"{""targetType"":""instagram""}",scheduled,snapshot taken 2026-09-02 before the 14 day window was enforced
4024574,2026-09-11 12:00,tiktok,41488,thegentlemuse2026,"Nightmare named a specific thing. A mare was a spirit believed to sit on a sleeper's chest. The weight, the paralysis, the certainty something is in the room. People had a word for it centuries before they had an explanation. Follow for the real one, every holiday, before the day gets here. Has this happened to you? #sleepparalysis #spookyseason #etymology #historytok #fyp",https://database.blotato.io/storage/v1/object/public/public_media/5472a21c-0213-4305-8693-b19295e4d67e/92e337e0-9fb4-423d-b7e5-b04bce5b1565.mp4,"{""targetType"":""tiktok"",""isYourBrand"":false,""disabledDuet"":false,""privacyLevel"":""PUBLIC_TO_EVERYONE"",""isAiGenerated"":false,""disabledStitch"":false,""disabledComments"":false,""isBrandedContent"":false}",scheduled,snapshot taken 2026-09-02 before the 14 day window was enforced
3732505,2026-09-11 12:10,facebook,30840,The Gentle Muse ,"Every weird sleeping position gets a 3 second stare from me. Every single one.

Are you comfortable, or is this the one where I call somebody? There is no in between at 19.

She has never once been in distress. I have aged 4 years doing this.

Comment CESA and I'll send you the Thursday note.",https://database.blotato.io/storage/v1/object/public/public_media/5472a21c-0213-4305-8693-b19295e4d67e/163e0021-3dca-4ca1-a264-31a175883285.mp4,"{""pageId"":""1086399221215093"",""mediaType"":""reel"",""targetType"":""facebook""}",scheduled,snapshot taken 2026-09-02 before the 14 day window was enforced
4055361,2026-09-11 15:00,instagram,45886,thegentlemuse2026,"Nightmare named a specific thing.

A mare was a spirit believed to sit on a sleeper's chest. The weight. The paralysis. The certainty that something is in the room with you.

People had a word for it centuries before they had an explanation.

Somebody you know has woken up unable to move. It has always had a name.

Comment SEASONAL and I'll send you the note. Every holiday carries a fact somebody softened, and I post the real one before the day arrives.

Follow @thegentlemuse2026 for the rest of the season.

#spookyseason #sleepparalysis #etymology #history #thegentlemuse",https://database.blotato.io/storage/v1/object/public/public_media/5472a21c-0213-4305-8693-b19295e4d67e/9182b473-f352-4c8a-a945-71a7841c8156.mp4,"{""mediaType"":""reel"",""targetType"":""instagram"",""shareToFeed"":true}",scheduled,snapshot taken 2026-09-02 before the 14 day window was enforced
4055402,2026-09-11 17:00,facebook,30840,The Gentle Muse ,"Nightmare named a specific thing.

A mare was a spirit believed to sit on a sleeper's chest. The weight. The paralysis. The certainty that something is in the room with you.

People had a word for it centuries before they had an explanation.

Somebody you know has woken up unable to move. It has always had a name.

Comment SEASONAL and I'll send you the note. Every holiday carries a fact somebody softened, and I post the real one before the day arrives.",https://database.blotato.io/storage/v1/object/public/public_media/5472a21c-0213-4305-8693-b19295e4d67e/930d6942-ac6b-4d6e-9eef-227f066ef2a2.mp4,"{""pageId"":""1086399221215093"",""mediaType"":""reel"",""targetType"":""facebook"",""firstComment"":""Prefer the link? Here it is: https://consider-this.subscribepage.io""}",scheduled,snapshot taken 2026-09-02 before the 14 day window was enforced
3824827,2026-09-11 18:00,instagram,45886,thegentlemuse2026,"Your lint screen is clean. The duct behind it isn't.

That's today's issue, and it's the one that actually matters, because a clogged duct is a fire risk and the screen you empty every load tells you nothing about it.

This is the whole idea behind Consider This. 1 overlooked thing in your home a week, what's actually going on with it, and whether it's worth 2 minutes of your time. No 40-step routine. No pressure to buy anything.

Send this to whoever does the laundry in your house.

Comment CONSIDER and I'll add you.

#homemaintenance #cleaningtips #gentlemuse #homehacks",https://database.blotato.io/storage/v1/object/public/public_media/5472a21c-0213-4305-8693-b19295e4d67e/4c130415-4d2e-4653-98ca-923a2545aadb.png,"{""altText"":""Editorial card listing 5 things in your house that aren't doing what you think."",""targetType"":""instagram""}",scheduled,snapshot taken 2026-09-02 before the 14 day window was enforced
3836005,2026-09-11 18:00,tiktok,41488,thegentlemuse2026,"My 19 year old entered her party era and none of us were consulted. Not me, not the vet, nobody.

She just decided. That's the whole personality.

Follow along to find out what she decides next, because I'm finding out with you.

#LearnOnTikTok #gentlemuse #seniordog #chihuahua #dogmom",https://database.blotato.io/storage/v1/object/public/public_media/5472a21c-0213-4305-8693-b19295e4d67e/cf634c93-747b-4d9d-8d97-6e99e454a722.mp4,"{""targetType"":""tiktok"",""isYourBrand"":true,""disabledDuet"":false,""privacyLevel"":""PUBLIC_TO_EVERYONE"",""isAiGenerated"":false,""disabledStitch"":false,""disabledComments"":false,""isBrandedContent"":false}",scheduled,snapshot taken 2026-09-02 before the 14 day window was enforced
3732518,2026-09-13 12:00,instagram,45886,thegentlemuse2026,"POV, you peed in Mom's office.

But you are 19, you are adorable, and you are fully aware that 1 sad little face gets the whole case dismissed before it reaches trial.

I cleaned it up and apologized to her. To HER. Think about that.

Comment CESA and I'll send you the Thursday note.

#gentlemuse #seniordog #chihuahua #dogmom #cesasgoldenyears",https://database.blotato.io/storage/v1/object/public/public_media/5472a21c-0213-4305-8693-b19295e4d67e/f1845054-d423-48f1-a5e2-6e1c515f7c75.mp4,"{""mediaType"":""reel"",""targetType"":""instagram""}",scheduled,snapshot taken 2026-09-02 before the 14 day window was enforced
3732520,2026-09-13 12:10,facebook,30840,The Gentle Muse ,"Becoming her does not look aesthetic. I need everyone to know that.

It is laundry on the bed. It is automations running in the back of my head while I am supposed to be relaxing. It is doing the reps on a day that felt like absolutely nothing.

That is most of it. Not the montage. The nothing days.

What did you say you would do and then not do? Be honest, I have a list.",https://database.blotato.io/storage/v1/object/public/public_media/5472a21c-0213-4305-8693-b19295e4d67e/4d1ba53c-33b9-4bfd-8372-48a6fb039501.mp4,"{""pageId"":""1086399221215093"",""mediaType"":""reel"",""targetType"":""facebook""}",scheduled,snapshot taken 2026-09-02 before the 14 day window was enforced
4019138,2026-09-14 12:00,instagram,45886,thegentlemuse2026,"The floor changes in this. She doesn't.

Different rooms, different jobs, different stretches I did not talk about out loud. Same small dog on the floor in the same 3 feet, chin down, waiting for me to be done with whatever it was.

She has been here for 10 of her 19 years. She was never impressed by any of it.

Nothing happens in this clip. She lies down. I keep going. That was the whole arrangement.

What keeps her comfortable now is written down. 15 pages, free, no clinic language.

Comment CESA and I'll send it to you.

#seniordog #seniordogcare #chihuahua #dogmom",https://database.blotato.io/storage/v1/object/public/public_media/5472a21c-0213-4305-8693-b19295e4d67e/941b1b26-e700-4ed4-a6c3-bb25e9dba571.mp4,"{""mediaType"":""reel"",""targetType"":""instagram""}",scheduled,snapshot taken 2026-09-02 before the 14 day window was enforced
3732525,2026-09-14 12:10,facebook,30840,The Gentle Muse ,"Slow mornings are underrated, and I did not choose this one. It was assigned to me by a 19 year old who does not care about my calendar.

Best thing that ever happened to my schedule, honestly.

Comment CESA and I'll send you the Thursday note.",https://database.blotato.io/storage/v1/object/public/public_media/5472a21c-0213-4305-8693-b19295e4d67e/ed63f79e-6d31-4163-8ca1-4daf384581ed.mp4,"{""pageId"":""1086399221215093"",""mediaType"":""reel"",""targetType"":""facebook""}",scheduled,snapshot taken 2026-09-02 before the 14 day window was enforced
3472650,2026-09-14 18:00,instagram,45886,thegentlemuse2026,"Stopped somewhere new and the atmosphere alone was worth the trip. Good light, good smells, nothing to prove. These are the small things I keep choosing on purpose. Where is your comfort spot? 👇

#gentlemuse #softlife #slowliving #smalljoys #reallife",https://database.blotato.io/storage/v1/object/public/public_media/5472a21c-0213-4305-8693-b19295e4d67e/e6dc2b0f-6e02-4197-b907-9a7cf0ad7957.mp4,"{""mediaType"":""reel"",""targetType"":""instagram"",""shareToFeed"":true}",scheduled,snapshot taken 2026-09-02 before the 14 day window was enforced
3836007,2026-09-14 18:00,tiktok,41488,thegentlemuse2026,"She doesn't ask how the day went. She just wants me back in the house.

No follow up questions. No what got done, no what didn't. The door opens and that's the whole conversation.

19 years old and still the best part of coming home.

Follow along, she's the reason I stopped dreading the drive.

#LearnOnTikTok #gentlemuse #seniordog #chihuahua #dogmom",https://database.blotato.io/storage/v1/object/public/public_media/5472a21c-0213-4305-8693-b19295e4d67e/000820c0-3083-4dcb-9470-484e3350b8c6.mp4,"{""targetType"":""tiktok"",""isYourBrand"":true,""disabledDuet"":false,""privacyLevel"":""PUBLIC_TO_EVERYONE"",""isAiGenerated"":false,""disabledStitch"":false,""disabledComments"":false,""isBrandedContent"":false}",scheduled,snapshot taken 2026-09-02 before the 14 day window was enforced
3732531,2026-09-15 12:00,instagram,45886,thegentlemuse2026,"Unhinged gratitude hours.

I am thankful for the door that closed. Not in a cute way. In a genuinely it was never mine to walk through and I would have wasted 3 years finding that out way.

It did not feel like a gift at the time. It felt like being told no.

#gentlemuse #softlife #reset #womenover40 #reallife",https://database.blotato.io/storage/v1/object/public/public_media/5472a21c-0213-4305-8693-b19295e4d67e/b405066d-4546-4e67-b0c4-9077be24b80f.mp4,"{""mediaType"":""reel"",""targetType"":""instagram""}",scheduled,snapshot taken 2026-09-02 before the 14 day window was enforced
3732532,2026-09-15 12:10,facebook,30840,The Gentle Muse ,"The 3 second stare. Every time.

19 years old and she still finds new positions to alarm me in. I have never once been right to worry. I keep doing it anyway.

Comment CESA and I'll send you the Thursday note.",https://database.blotato.io/storage/v1/object/public/public_media/5472a21c-0213-4305-8693-b19295e4d67e/2c088470-4585-4866-af5b-7686e51c5e43.mp4,"{""pageId"":""1086399221215093"",""mediaType"":""reel"",""targetType"":""facebook""}",scheduled,snapshot taken 2026-09-02 before the 14 day window was enforced
3732533,2026-09-15 12:20,youtube,36129,Amanda Kersh (Amanda Kersh | The Gentle Muse),"POV, you peed in Mom's office. But you are 19, adorable, and fully aware that 1 sad little face gets the whole case dismissed.

I cleaned it up and apologized to her.

https://consider-this.subscribepage.io

#gentlemuse #seniordog #shorts",https://database.blotato.io/storage/v1/object/public/public_media/5472a21c-0213-4305-8693-b19295e4d67e/f1845054-d423-48f1-a5e2-6e1c515f7c75.mp4,"{""title"":""POV you peed in Mom's office"",""targetType"":""youtube"",""privacyStatus"":""public"",""shouldNotifySubscribers"":true}",scheduled,snapshot taken 2026-09-02 before the 14 day window was enforced
3691541,2026-09-15 18:00,instagram,45886,thegentlemuse2026,The next upload is usually the one that changes something. #gentlemuse #reallife #softlife #letschat #curiosity,https://database.blotato.io/storage/v1/object/public/public_media/5472a21c-0213-4305-8693-b19295e4d67e/d39dc93b-335e-444b-87ca-a6e4bba341fc.mp4,"{""targetType"":""instagram""}",scheduled,snapshot taken 2026-09-02 before the 14 day window was enforced
3732536,2026-09-16 12:10,facebook,30840,The Gentle Muse ,"Unhinged gratitude is being thankful for the door that closed, because it was never yours to walk through.

Did not feel like gratitude at the time. Felt like rejection with better branding.",https://database.blotato.io/storage/v1/object/public/public_media/5472a21c-0213-4305-8693-b19295e4d67e/b405066d-4546-4e67-b0c4-9077be24b80f.mp4,"{""pageId"":""1086399221215093"",""mediaType"":""reel"",""targetType"":""facebook""}",scheduled,snapshot taken 2026-09-02 before the 14 day window was enforced
3630610,2026-09-16 18:00,instagram,45886,thegentlemuse2026,Slow mornings are underrated. Comment CESA and I'll send you the Thursday note she inspired. #gentlemuse #seniordog #dogmom #chihuahua #cesasgoldenyears,https://database.blotato.io/storage/v1/object/public/public_media/5472a21c-0213-4305-8693-b19295e4d67e/ed63f79e-6d31-4163-8ca1-4daf384581ed.mp4,"{""targetType"":""instagram""}",scheduled,snapshot taken 2026-09-02 before the 14 day window was enforced
3836021,2026-09-17 18:00,tiktok,41488,thegentlemuse2026,"She's 19 and she sleeps curled into her bed with a paw thrown over the teddy.

I still stop for a 3 second stare every time, just to be sure she's breathing. She always is.

Follow along for more of her.

#LearnOnTikTok #gentlemuse #seniordog #chihuahua #dogmom",https://database.blotato.io/storage/v1/object/public/public_media/5472a21c-0213-4305-8693-b19295e4d67e/77e3abf3-84e0-43ea-a7e9-dd71c70b7d04.mp4,"{""targetType"":""tiktok"",""isYourBrand"":true,""disabledDuet"":false,""privacyLevel"":""PUBLIC_TO_EVERYONE"",""isAiGenerated"":false,""disabledStitch"":false,""disabledComments"":false,""isBrandedContent"":false}",scheduled,snapshot taken 2026-09-02 before the 14 day window was enforced
3926385,2026-09-17 18:00,instagram,65540,cesasgoldenyears,"She's 19. Every strange sleeping position gets a 3 second stare from me. Are you cozy, or do I need to call somebody?

Comment CESA and I'll send you her comfort guide. 10 of her years have been mine.

#gentlemuse #seniordog #chihuahua #dogmom #cesasgoldenyears",https://database.blotato.io/storage/v1/object/public/public_media/5472a21c-0213-4305-8693-b19295e4d67e/ae0e3669-95fc-41b7-b8cc-028d6cc6c18c.mp4,"{""mediaType"":""reel"",""targetType"":""instagram""}",scheduled,snapshot taken 2026-09-02 before the 14 day window was enforced
3732555,2026-09-18 12:00,instagram,45886,thegentlemuse2026,"Women over 40 after 1 cute outfit, 1 good hair day, and absolutely no invitation.

Nobody asked us. Nobody booked us. We appointed ourselves and we are going anyway.

Tag someone in her self appointed model era. She knows who she is.

#gentlemuse #womenover40 #confidence #softlife #glowup",https://database.blotato.io/storage/v1/object/public/public_media/5472a21c-0213-4305-8693-b19295e4d67e/afd6c323-8123-4c33-8e93-ed40e0394f0e.mp4,"{""mediaType"":""reel"",""targetType"":""instagram""}",scheduled,snapshot taken 2026-09-02 before the 14 day window was enforced
3732561,2026-09-18 12:20,youtube,36129,Amanda Kersh (Amanda Kersh | The Gentle Muse),"Having a 19 year old dog means every strange sleeping position gets a 3 second stare. I have never once been right to worry.

https://consider-this.subscribepage.io

#gentlemuse #seniordog #shorts",https://database.blotato.io/storage/v1/object/public/public_media/5472a21c-0213-4305-8693-b19295e4d67e/2c088470-4585-4866-af5b-7686e51c5e43.mp4,"{""title"":""The 3 second stare"",""targetType"":""youtube"",""privacyStatus"":""public"",""shouldNotifySubscribers"":true}",scheduled,snapshot taken 2026-09-02 before the 14 day window was enforced
3927278,2026-09-18 18:00,instagram,65540,cesasgoldenyears,10 of her years have been mine.,https://database.blotato.io/storage/v1/object/public/public_media/5472a21c-0213-4305-8693-b19295e4d67e/77e3abf3-84e0-43ea-a7e9-dd71c70b7d04.mp4,"{""mediaType"":""story"",""targetType"":""instagram""}",scheduled,snapshot taken 2026-09-02 before the 14 day window was enforced
4019152,2026-09-19 10:00,instagram,45886,thegentlemuse2026,"6 automations I was counting on had quietly stopped running. Every one of them still said enabled.

I only found out because I went and opened the actual output instead of trusting the dashboard. 12 days of my own logging had broken too, and I never noticed that either.

A broken readout looks broken. A broken retelling looks like good news. That difference cost me 12 days.

That's what Tuesdays are for now. 1 thing I learned the hard way building a real business with AI, after my shift, on 1 income, with the mistakes left in. No theory. Just the receipts.

Comment TUESDAY and I'll add you.",https://database.blotato.io/storage/v1/object/public/public_media/5472a21c-0213-4305-8693-b19295e4d67e/5cc521a6-b32f-4388-8329-080fff155e08.png,"{""targetType"":""instagram""}",scheduled,snapshot taken 2026-09-02 before the 14 day window was enforced
4019156,2026-09-19 12:00,instagram,45886,thegentlemuse2026,"Your lint screen is clean. The duct behind it isn't.

That's the part that actually catches fire, and it's the part almost nobody checks. Lint gets past the screen every single load, then packs into the 4 feet of hose behind the dryer where you can't see it.

Signs it's already happening: clothes take 2 cycles to dry, the dryer is hot to the touch, the laundry room smells warm in a way it didn't used to.

Swipe for what to look at. It's a 10 minute job, once a year.

Comment CONSIDER and I'll send you the weekly note. 1 overlooked thing in your home, every week, then back to your life.

#homemaintenance #cleaningtips #laundryroom #homeowner",https://database.blotato.io/storage/v1/object/public/public_media/5472a21c-0213-4305-8693-b19295e4d67e/62e1afad-371a-4891-b8d5-2dc47d365f65.jpeg,"{""targetType"":""instagram""}",scheduled,snapshot taken 2026-09-02 before the 14 day window was enforced
3732570,2026-09-19 12:10,facebook,30840,The Gentle Muse ,"I sat down to record thinking I was a few days into this, then checked and realized I was much further along than I thought.

Spent the whole week feeling behind on something I was already doing. Has anyone else done that, or is it just me.",https://database.blotato.io/storage/v1/object/public/public_media/5472a21c-0213-4305-8693-b19295e4d67e/506bafa2-ba92-4b71-ae06-cc73657a23cd.mp4,"{""pageId"":""1086399221215093"",""mediaType"":""reel"",""targetType"":""facebook""}",scheduled,snapshot taken 2026-09-02 before the 14 day window was enforced
3732576,2026-09-20 12:10,facebook,30840,The Gentle Muse ,"Slow, steady, and figuring it out as I go.

I am not 10 years ahead of anyone in this. I am about 10 hours ahead. Turns out that is close enough to be useful, and honest enough to be worth following.",https://database.blotato.io/storage/v1/object/public/public_media/5472a21c-0213-4305-8693-b19295e4d67e/74c42491-bbdb-4cec-8784-ac80eab9476a.mp4,"{""pageId"":""1086399221215093"",""mediaType"":""reel"",""targetType"":""facebook""}",scheduled,snapshot taken 2026-09-02 before the 14 day window was enforced
4024189,2026-09-21 10:00,instagram,45886,thegentlemuse2026,"Your lint screen is clean. The duct behind it isn't.

That's the part that actually catches fire, and it's the part almost nobody checks. Lint gets past the screen every single load, then packs into the 4 feet of hose behind the dryer where you can't see it.

Signs it's already happening: clothes take 2 cycles to dry, the dryer is hot to the touch, the laundry room smells warm in a way it didn't used to.

Swipe for what to look at. It's a 10 minute job, once a year.

Comment CONSIDER and I'll send you the weekly note. 1 overlooked thing in your home, every week, then back to your life.

#homemaintenance #cleaningtips #laundryroom #homeowner",https://database.blotato.io/storage/v1/object/public/public_media/5472a21c-0213-4305-8693-b19295e4d67e/78554ed7-0d76-42d1-aefd-3458d2c45829.jpeg,"{""targetType"":""instagram""}",scheduled,snapshot taken 2026-09-02 before the 14 day window was enforced
3939602,2026-09-21 12:10,facebook,30840,The Gentle Muse ,"5 books that are free forever. Not free for 30 days.

Meditations. As a Man Thinketh. The Richest Man in Babylon. Think and Grow Rich.

Public domain. No account, no waitlist, no card.

Comment PLAY and I'll send you the full list.",https://database.blotato.io/storage/v1/object/public/public_media/5472a21c-0213-4305-8693-b19295e4d67e/1d84a8ec-11bb-4504-b846-f41e09235acb.jpeg,"{""pageId"":""1086399221215093"",""targetType"":""facebook"",""firstComment"":""Prefer the link? https://press-play.subscribepage.io""}",scheduled,snapshot taken 2026-09-02 before the 14 day window was enforced
3939604,2026-09-21 12:20,youtube,36129,Amanda Kersh (Amanda Kersh | The Gentle Muse),"Green tea, aloe, and a lather that never picks a fight with sensitive skin. Raw Sugar's gentle body wash, found at Target. I'm a Target partner, so I may earn rewards or commission when you shop my link, at no extra cost to you.

https://payhip.com/b/9FE2U
#gentlemuse #shorts",https://database.blotato.io/storage/v1/object/public/public_media/5472a21c-0213-4305-8693-b19295e4d67e/1e2ff858-1083-4468-a192-a9000b55c39e.png,"{""title"":""Green tea, aloe, and a lather that never picks a fight with sensitive skin"",""targetType"":""youtube"",""privacyStatus"":""public"",""shouldNotifySubscribers"":false}",scheduled,snapshot taken 2026-09-02 before the 14 day window was enforced
3939598,2026-09-21 18:00,instagram,45886,thegentlemuse2026,"Bookmarking is not listening.

You saved 40 recommendations this year. You finished how many? Saving is not the same as finishing.

Pick the short one. Under an hour, free right now. Finish 1 thing today. That is the whole assignment.

Comment PLAY and I'll send you the list.",https://database.blotato.io/storage/v1/object/public/public_media/5472a21c-0213-4305-8693-b19295e4d67e/007d6b00-d0a8-4280-ba0e-3ac99f5554f0.jpeg,"{""targetType"":""instagram""}",scheduled,snapshot taken 2026-09-02 before the 14 day window was enforced
3939611,2026-09-21 18:00,tiktok,41488,thegentlemuse2026,"I read 9 books last year without sitting down once.

Not a reading habit. A listening habit. None of it was extra time. The list is built for half attention.

5 free forever, 5 library borrows. Not 50 books. 10.

Full list is in my bio.

#LearnOnTikTok #audiobooks #booktok",https://database.blotato.io/storage/v1/object/public/public_media/5472a21c-0213-4305-8693-b19295e4d67e/18bee17d-ff27-4cd6-a6bb-bfb40bfb16fd.jpeg,"{""targetType"":""tiktok"",""isYourBrand"":false,""disabledDuet"":false,""privacyLevel"":""PUBLIC_TO_EVERYONE"",""isAiGenerated"":false,""disabledStitch"":false,""disabledComments"":false,""isBrandedContent"":false}",scheduled,snapshot taken 2026-09-02 before the 14 day window was enforced
4024193,2026-09-22 08:30,linkedin,20723,AMANDA KERSH,"Today's issue went out this morning, and it's about the 1 question that saves you a month.

When AI won't do the thing, most people ask how to prompt it better. That's the wrong question. The right one is: is the model failing, or is the thing I'm pointing it at refusing to be driven?

Those need completely different fixes. I lost most of a month to not asking it. I searched all 383 interfaces on a platform to prove where the wall actually was, and the wall was a text box that won't accept typed input. The model was never the problem.

You do not need to be 10 years ahead on AI. About 10 hours is enough.

Follow along here for the short version. The letter itself lands Tuesday mornings.

https://just-another-tuesday-gm.subscribepage.io",https://database.blotato.io/storage/v1/object/public/public_media/5472a21c-0213-4305-8693-b19295e4d67e/15d62d3f-dee0-4190-a333-3e3701656030.png,"{""targetType"":""linkedin""}",scheduled,snapshot taken 2026-09-02 before the 14 day window was enforced
4056284,2026-09-22 10:00,instagram,45886,thegentlemuse2026,"You do not need to be 10 years ahead on AI. About 10 hours is enough. A free 59 page guide in plain language, written by someone who was 60 days in, not 10 years.",https://database.blotato.io/storage/v1/object/public/public_media/5472a21c-0213-4305-8693-b19295e4d67e/8de625ea-940b-4341-a38e-f21ee04108cd.png,"{""targetType"":""instagram""}",scheduled,snapshot taken 2026-09-02 before the 14 day window was enforced
3939608,2026-09-22 12:10,facebook,30840,The Gentle Muse ,"Your sponge isn't sanitized after microwaving. Your towels aren't old, they're coated. 1 free email a week about the things in your home you've stopped noticing.

https://consider-this.subscribepage.io",https://database.blotato.io/storage/v1/object/public/public_media/5472a21c-0213-4305-8693-b19295e4d67e/1fbfb282-6516-4486-b8d4-d87d41129a79.png,"{""pageId"":""1086399221215093"",""targetType"":""facebook""}",scheduled,snapshot taken 2026-09-02 before the 14 day window was enforced
3939606,2026-09-22 18:00,instagram,45886,thegentlemuse2026,"5 books that are free forever. Not free for 30 days.

Meditations. As a Man Thinketh. The Richest Man in Babylon. Think and Grow Rich.

Public domain. No account, no waitlist, no card.

Comment PLAY and I'll send you the list.",https://database.blotato.io/storage/v1/object/public/public_media/5472a21c-0213-4305-8693-b19295e4d67e/017df435-be70-4c89-9cd3-d8b9998ff865.jpeg,"{""targetType"":""instagram""}",scheduled,snapshot taken 2026-09-02 before the 14 day window was enforced
3939616,2026-09-22 18:00,tiktok,41488,thegentlemuse2026,"I used to say I had no time to read. Then I counted the drive.

The drive, the dishes, the laundry, groceries. Almost 2 hours a day with my hands busy and my ears free.

I didn't add anything to my day. I stopped filling that time with scrolling.

Full list is in my bio.

#LearnOnTikTok #audiobooks #timemanagement",https://database.blotato.io/storage/v1/object/public/public_media/5472a21c-0213-4305-8693-b19295e4d67e/1f2b99da-bd73-45e7-83b1-71a874c5da72.jpeg,"{""targetType"":""tiktok"",""isYourBrand"":false,""disabledDuet"":false,""privacyLevel"":""PUBLIC_TO_EVERYONE"",""isAiGenerated"":false,""disabledStitch"":false,""disabledComments"":false,""isBrandedContent"":false}",scheduled,snapshot taken 2026-09-02 before the 14 day window was enforced
3939640,2026-09-23 08:30,twitter,21430,GentleMuse2026,"You do not need to be 10 years ahead on AI. About 10 hours is enough.

59 pages, plain language, no account required. Written by someone who was 60 days in, not 10 years.

https://ai-guide.subscribepage.io",https://database.blotato.io/storage/v1/object/public/public_media/5472a21c-0213-4305-8693-b19295e4d67e/2c22b9de-d427-4ea5-bc75-2b33de0a2f01.png,"{""targetType"":""twitter""}",scheduled,snapshot taken 2026-09-02 before the 14 day window was enforced
4056328,2026-09-23 08:30,linkedin,20723,AMANDA KERSH,"Your towels aren't old. They're coated.

Fabric softener leaves a film behind, and that film is exactly what makes them feel soft. It also repels water, which is the opposite of a towel's job.

It builds up slowly over months, so it feels like the towel just wore out. It didn't. Wash them hot with vinegar and no softener, and they come back.

Save this for the next laundry day. Send it to whoever buys the softener.

Comment CONSIDER and I'll add you.

https://ai-guide.subscribepage.io",https://database.blotato.io/storage/v1/object/public/public_media/5472a21c-0213-4305-8693-b19295e4d67e/08c24c85-28bf-4ab4-bf3a-95e8a1f80f08.png,"{""targetType"":""linkedin""}",scheduled,snapshot taken 2026-09-02 before the 14 day window was enforced
3939626,2026-09-23 10:00,instagram,45886,thegentlemuse2026,"I refuse to spend more than 10 seconds on my brows. Whatever they decide to do after that is between them and the universe. How long do you actually give yours? 👇

#gentlemuse #womenover40 #lowmaintenance #getreadywithme #letschat",https://database.blotato.io/storage/v1/object/public/public_media/5472a21c-0213-4305-8693-b19295e4d67e/295d9891-6f03-4381-ba08-03aa8ae11596.mp4,"{""targetType"":""instagram""}",scheduled,snapshot taken 2026-09-02 before the 14 day window was enforced
3939636,2026-09-23 12:10,facebook,30840,The Gentle Muse ,"Can you actually eat healthy at Scooter's Coffee, or is everything just dessert wearing a breakfast costume? I went through the menu so you do not have to.

What is your regular order? 👇

Comment CONSIDER and I'll send you the weekly note. If there's an affiliate link I say so, and if something is overpriced I say that too.

https://consider-this.subscribepage.io",https://database.blotato.io/storage/v1/object/public/public_media/5472a21c-0213-4305-8693-b19295e4d67e/2b0d0f4c-f0b5-43a3-95ad-6cfa6d633679.mp4,"{""pageId"":""1086399221215093"",""targetType"":""facebook""}",scheduled,snapshot taken 2026-09-02 before the 14 day window was enforced
3939641,2026-09-23 12:20,youtube,36129,Amanda Kersh (Amanda Kersh | The Gentle Muse),"5 books that are free forever. Not free for 30 days.

Meditations. As a Man Thinketh. The Richest Man in Babylon. Think and Grow Rich.

Public domain. No account, no waitlist, no card.

Full list: https://press-play.subscribepage.io
#gentlemuse #shorts",https://database.blotato.io/storage/v1/object/public/public_media/5472a21c-0213-4305-8693-b19295e4d67e/30a869c3-19fb-4939-bdbe-120fc9d91551.jpeg,"{""title"":""5 books that are free forever"",""targetType"":""youtube"",""privacyStatus"":""public"",""shouldNotifySubscribers"":false}",scheduled,snapshot taken 2026-09-02 before the 14 day window was enforced
3939628,2026-09-23 18:00,instagram,45886,thegentlemuse2026,"I read 9 books last year without sitting down once.

Not a reading habit. A listening habit. None of it was extra time. The list is built for half attention.

5 free forever, 5 library borrows. Not 50 books. 10.

Comment PLAY and I'll send you the list.",https://database.blotato.io/storage/v1/object/public/public_media/5472a21c-0213-4305-8693-b19295e4d67e/08dff3fb-2525-4530-9c21-0a7635c629e9.jpeg,"{""targetType"":""instagram""}",scheduled,snapshot taken 2026-09-02 before the 14 day window was enforced
4056294,2026-09-24 08:30,twitter,21430,GentleMuse2026,"5 books that are free forever. Not free for 30 days.

Meditations. As a Man Thinketh. The Richest Man in Babylon. Think and Grow Rich.

Public domain. No account, no waitlist, no card.

Full list is in my bio.
https://payhip.com/b/9FE2U",https://database.blotato.io/storage/v1/object/public/public_media/5472a21c-0213-4305-8693-b19295e4d67e/1da4979e-2653-48f9-bb51-a3cc1a5540c1.jpeg,"{""targetType"":""twitter""}",scheduled,snapshot taken 2026-09-02 before the 14 day window was enforced
4056365,2026-09-24 08:30,linkedin,20723,AMANDA KERSH,"The highest rated furnace filter might be the wrong one for your house.

Those numbers measure how fine the mesh is, not how good the filter is. A denser filter catches more, and it also makes your blower work harder to pull air through it. On an older system that shows up as weaker airflow, longer run times, and a unit that wears out sooner.

Most houses do not need the top of the shelf. They need the right one, changed on time.

Swipe for how to tell which you've got.

Comment CONSIDER and I'll send you the weekly note. 1 overlooked thing in your home, every week.

https://ai-guide.subscribepage.io",https://database.blotato.io/storage/v1/object/public/public_media/5472a21c-0213-4305-8693-b19295e4d67e/0d7fb17b-da45-4c31-bcb7-84f75a1f972e.jpeg,"{""targetType"":""linkedin""}",scheduled,snapshot taken 2026-09-02 before the 14 day window was enforced
4056298,2026-09-24 10:00,instagram,45886,thegentlemuse2026,"She hears the car before the door.

By the time I am inside she is already up, and getting up takes her longer than it used to. Nails on the floor, no bark, just the walk toward me.

She has no idea how the shift went. She is not going to ask. She waited all day for this exact 4 seconds, and then she goes back to her spot.

Comment CESA and I'll send you what I wrote about her.

#seniordog #chihuahua #dogmom #cesasgoldenyears",https://database.blotato.io/storage/v1/object/public/public_media/5472a21c-0213-4305-8693-b19295e4d67e/000820c0-3083-4dcb-9470-484e3350b8c6.mp4,"{""mediaType"":""reel"",""targetType"":""instagram""}",scheduled,snapshot taken 2026-09-02 before the 14 day window was enforced
3939649,2026-09-24 12:10,facebook,30840,The Gentle Muse ,"The older I get, the more I understand why people stop going out for everything.

No wait, no noise, nobody rushing the table. Sometimes the best table in town is a paper plate, a good steak, and quiet in your own kitchen. That used to sound like giving something up. Now it mostly sounds like peace.

When did staying in start winning for you? 👇

Comment RESET and I'll send you the Gentle Self-Reset Checklist. Free, and short on purpose.

https://payhip.com/b/9FE2U",https://database.blotato.io/storage/v1/object/public/public_media/5472a21c-0213-4305-8693-b19295e4d67e/329c16e4-319b-4199-b4b4-91e2b0f2c5a7.mp4,"{""pageId"":""1086399221215093"",""targetType"":""facebook""}",scheduled,snapshot taken 2026-09-02 before the 14 day window was enforced
3939659,2026-09-25 08:30,twitter,21430,GentleMuse2026,"I sat down to record thinking I was maybe a few days into this.

Then I actually checked. I was way further along than I had given myself one single ounce of credit for, and I had spent the whole week feeling behind on something I was already...
https://payhip.com/b/9FE2U",https://database.blotato.io/storage/v1/object/public/public_media/5472a21c-0213-4305-8693-b19295e4d67e/506bafa2-ba92-4b71-ae06-cc73657a23cd.mp4,"{""targetType"":""twitter""}",scheduled,snapshot taken 2026-09-02 before the 14 day window was enforced
3939653,2026-09-25 10:00,instagram,45886,thegentlemuse2026,"She checks the whole yard, patch by patch.

Out in the grass in her pink harness, leash trailing behind her. Nose down for a stretch, then head up, then moving again. The dandelions are open. Part of the yard is in sun and part is in shade, and she walks through both.

Not much happens here. She goes slow and covers the ground she wants to cover, and at the end she stops and looks up at me.

Follow along for more of her. The rest is in the highlights.

#seniordog #chihuahua #dogsofinstagram #backyard #dandelions",https://database.blotato.io/storage/v1/object/public/public_media/5472a21c-0213-4305-8693-b19295e4d67e/048f834c-d9f8-4f70-8887-9eda58010f92.mp4,"{""targetType"":""instagram""}",scheduled,snapshot taken 2026-09-02 before the 14 day window was enforced
3939658,2026-09-25 12:10,facebook,30840,The Gentle Muse ,"Math really said work smarter, and honestly it has a point.

Symmetry quietly doing the heavy lifting so nobody has to count the whole thing twice. I was not a math person in school, and facts like this are the reason I wish somebody had shown me this side of it.

Were you a math person, or absolutely not? 👇

Comment CONSIDER and I'll send you the weekly note. 1 thing worth noticing, every week, then back to your life.

https://consider-this.subscribepage.io",https://database.blotato.io/storage/v1/object/public/public_media/5472a21c-0213-4305-8693-b19295e4d67e/46fda242-6a84-45a4-bd42-4f28e7c437ae.mp4,"{""pageId"":""1086399221215093"",""targetType"":""facebook""}",scheduled,snapshot taken 2026-09-02 before the 14 day window was enforced
3939660,2026-09-25 12:20,youtube,36129,Amanda Kersh (Amanda Kersh | The Gentle Muse),"Math really said work smarter, and honestly it has a point. Symmetry quietly doing the heavy lifting so nobody has to count twice. Were you a math person, or absolutely not? 👇

https://payhip.com/b/9FE2U
#gentlemuse #shorts",https://database.blotato.io/storage/v1/object/public/public_media/5472a21c-0213-4305-8693-b19295e4d67e/53be24ff-3114-45d9-b7cd-d090702a519f.mp4,"{""title"":""Math really said work smarter, and honestly it has a point"",""targetType"":""youtube"",""privacyStatus"":""public"",""shouldNotifySubscribers"":false}",scheduled,snapshot taken 2026-09-02 before the 14 day window was enforced
3939655,2026-09-25 18:00,tiktok,41488,thegentlemuse2026,"Bookmarking is not listening.

You saved 40 recommendations this year. You finished how many? Saving is not the same as finishing.

Pick the short one. Under an hour, free right now. Finish 1 thing today.

Full list is in my bio.

#LearnOnTikTok #audiobooks #readingtips",https://database.blotato.io/storage/v1/object/public/public_media/5472a21c-0213-4305-8693-b19295e4d67e/44dfb547-58ea-4d73-9d58-e3f0c464e779.jpeg,"{""targetType"":""tiktok"",""isYourBrand"":false,""disabledDuet"":false,""privacyLevel"":""PUBLIC_TO_EVERYONE"",""isAiGenerated"":false,""disabledStitch"":false,""disabledComments"":false,""isBrandedContent"":false}",scheduled,snapshot taken 2026-09-02 before the 14 day window was enforced
4056330,2026-09-26 08:30,twitter,21430,GentleMuse2026,"59 pages, plain language, no account required. Written by someone who was 60 days in, not 10 years. You do not need to be 10 years ahead on AI. About 10 hours is enough.
https://payhip.com/b/9FE2U",https://database.blotato.io/storage/v1/object/public/public_media/5472a21c-0213-4305-8693-b19295e4d67e/2c22b9de-d427-4ea5-bc75-2b33de0a2f01.png,"{""targetType"":""twitter""}",scheduled,snapshot taken 2026-09-02 before the 14 day window was enforced
4056285,2026-09-26 12:10,facebook,30840,The Gentle Muse ,"5 books that are free forever. Not free for 30 days.

Meditations. As a Man Thinketh. The Richest Man in Babylon. Think and Grow Rich.

Public domain. No account, no waitlist, no card.

Full list is in my bio.

https://payhip.com/b/9FE2U",https://database.blotato.io/storage/v1/object/public/public_media/5472a21c-0213-4305-8693-b19295e4d67e/1d84a8ec-11bb-4504-b846-f41e09235acb.jpeg,"{""pageId"":""1086399221215093"",""targetType"":""facebook""}",scheduled,snapshot taken 2026-09-02 before the 14 day window was enforced
4056336,2026-09-27 08:30,twitter,21430,GentleMuse2026,"Can you actually eat healthy at Scooter's Coffee, or is everything just dessert wearing a breakfast costume?

I went through the menu so you do not have to. Some of it genuinely holds up. Some of it is cake and we all know it is cake. I am not...
https://payhip.com/b/9FE2U",https://database.blotato.io/storage/v1/object/public/public_media/5472a21c-0213-4305-8693-b19295e4d67e/33bb667a-1b2f-4571-aaa1-7ce8d5c82444.mp4,"{""targetType"":""twitter""}",scheduled,snapshot taken 2026-09-02 before the 14 day window was enforced
4056322,2026-09-27 12:10,facebook,30840,The Gentle Muse ,"Your sponge isn't sanitized after microwaving. Your towels aren't old, they're coated. 1 free email a week about the things in your home you've stopped noticing.

https://payhip.com/b/9FE2U",https://database.blotato.io/storage/v1/object/public/public_media/5472a21c-0213-4305-8693-b19295e4d67e/1fbfb282-6516-4486-b8d4-d87d41129a79.png,"{""pageId"":""1086399221215093"",""targetType"":""facebook""}",scheduled,snapshot taken 2026-09-02 before the 14 day window was enforced
4056369,2026-09-28 12:10,facebook,30840,The Gentle Muse ,"Every weird sleeping position gets a 3 second stare from me. Every single one.

Are you comfortable, or is this the one where I call somebody? There is no in between at 19.

She has never once been in distress. I have aged 4 years doing this.

Comment CESA and I'll send you the Thursday note.

https://consider-this.subscribepage.io",https://database.blotato.io/storage/v1/object/public/public_media/5472a21c-0213-4305-8693-b19295e4d67e/163e0021-3dca-4ca1-a264-31a175883285.mp4,"{""pageId"":""1086399221215093"",""targetType"":""facebook""}",scheduled,snapshot taken 2026-09-02 before the 14 day window was enforced
3970846,2026-09-28 12:20,youtube,36129,Amanda Kersh (Amanda Kersh | The Gentle Muse),"Nature looked at the design and added a few more.

Free Reset Guide: https://payhip.com/b/9FE2U

#gentlemuse #randomfacts #shorts",https://database.blotato.io/storage/v1/object/public/public_media/5472a21c-0213-4305-8693-b19295e4d67e/69c88c15-cb08-470b-8cc3-5bb61953b6f9.mp4,"{""title"":""Nature looked at the design and added a few more"",""targetType"":""youtube"",""privacyStatus"":""public"",""shouldNotifySubscribers"":false}",scheduled,snapshot taken 2026-09-02 before the 14 day window was enforced
4056400,2026-09-28 18:00,instagram,45886,thegentlemuse2026,"10 books you can listen to for free while you fold laundry.

5 are free forever. No account, no card, no trial clock. The other 5 are free library borrows, and a library card is not a subscription. Nothing to cancel. You are never charged.

When a book has a waitlist on one app, check the other. They stock differently. That's how half my list stays free.

I'd rather you finish 2 than bookmark 50.

Comment PLAY and I'll send you the list.

#freeaudiobooks #library #gentlemuse #booktok",https://database.blotato.io/storage/v1/object/public/public_media/5472a21c-0213-4305-8693-b19295e4d67e/10d37b72-5d6c-4af6-aca9-fbfa2d1dc0cf.png,"{""targetType"":""instagram""}",scheduled,snapshot taken 2026-09-02 before the 14 day window was enforced
3970853,2026-09-29 08:30,linkedin,20723,AMANDA KERSH,"Your lint screen is clean. The duct behind it isn't.

That's the part that actually catches fire, and it's the part almost nobody checks. Lint gets past the screen every single load, then packs into the 4 feet of hose behind the dryer where you can't see it.

Signs it's already happening: clothes take 2 cycles to dry, the dryer is hot to the touch, the laundry room smells warm in a way it didn't used to.

It's a 10 minute job, once a year.

Follow along for the rest of these. The weekly note is here. 1 overlooked thing in your home, then back to your life.

https://consider-this.subscribepage.io",https://database.blotato.io/storage/v1/object/public/public_media/5472a21c-0213-4305-8693-b19295e4d67e/15718ff8-487c-445b-baf4-e33ea02c588e.jpeg,"{""targetType"":""linkedin""}",scheduled,snapshot taken 2026-09-02 before the 14 day window was enforced
4056423,2026-09-29 18:00,instagram,45886,thegentlemuse2026,"5 things in your house that aren't doing what you think.

Your sponge isn't sanitized after you microwave it.
Your lint screen is clean, but the duct behind it isn't.
Your highest-rated furnace filter might be the wrong one for your house.
Your towels aren't old. They're coated.
Your pillow has an expiration date.

I write 1 of these a week. It's called Consider This. 1 overlooked thing in your home, what's actually going on, and whether it's worth 2 minutes of your time. No 40-step routine. No pressure to buy anything.

Comment CONSIDER and I'll send it to you.

And send this to whoever owns the sponge.

#homemaintenance #cleaningtips #gentlemuse #homehacks",https://database.blotato.io/storage/v1/object/public/public_media/5472a21c-0213-4305-8693-b19295e4d67e/10f87c1c-2a51-4263-abf5-9b60c9bfc614.png,"{""targetType"":""instagram""}",scheduled,snapshot taken 2026-09-02 before the 14 day window was enforced
3709356,2026-09-30 10:00,instagram,45886,thegentlemuse2026,"Coming home to something that does not care how the day went, what got done, or what did not.

No follow up questions. No how was work. She just wants me back in the house and that is the entire performance review.

Comment CESA and I'll send you the Thursday note.

#gentlemuse #seniordog #chihuahua #dogmom #cesasgoldenyears",https://database.blotato.io/storage/v1/object/public/public_media/5472a21c-0213-4305-8693-b19295e4d67e/000820c0-3083-4dcb-9470-484e3350b8c6.mp4,"{""mediaType"":""reel"",""targetType"":""instagram""}",scheduled,snapshot taken 2026-09-02 before the 14 day window was enforced
3970867,2026-09-30 12:20,youtube,36129,Amanda Kersh (Amanda Kersh | The Gentle Muse),"I used to say I had no time to read. Then I counted the drive.

The drive, the dishes, the laundry, groceries. Almost 2 hours a day with my hands busy and my ears free.

I didn't add anything to my day. I stopped filling that time with scrolling.

Full list is in my bio.

https://payhip.com/b/9FE2U
#gentlemuse #shorts",https://database.blotato.io/storage/v1/object/public/public_media/5472a21c-0213-4305-8693-b19295e4d67e/798e6f63-11ae-45b8-822b-c53f825b40ff.jpeg,"{""title"":""I used to say I had no time to read"",""targetType"":""youtube"",""privacyStatus"":""public"",""shouldNotifySubscribers"":false}",scheduled,snapshot taken 2026-09-02 before the 14 day window was enforced
3970818,2026-09-30 18:00,tiktok,41488,thegentlemuse2026,"Your body moves before your brain finishes the sentence.

Free Reset Guide: https://payhip.com/b/9FE2U

#LearnOnTikTok #randomfacts #shorts",https://database.blotato.io/storage/v1/object/public/public_media/5472a21c-0213-4305-8693-b19295e4d67e/5d5c9ae5-abfd-42f7-9d0e-c8a064c2470e.mp4,"{""targetType"":""tiktok"",""isYourBrand"":false,""disabledDuet"":false,""privacyLevel"":""PUBLIC_TO_EVERYONE"",""isAiGenerated"":false,""disabledStitch"":false,""disabledComments"":false,""isBrandedContent"":false}",scheduled,snapshot taken 2026-09-02 before the 14 day window was enforced
4056426,2026-09-30 18:00,instagram,45886,thegentlemuse2026,"Today's issue went out this morning, and it's about the 1 question that saves you a month.

When AI won't do the thing, most people ask how to prompt it better. That's the wrong question. The right one is: is the model failing, or is the thing I'm pointing it at refusing to be driven?

Those need completely different fixes. I lost most of a month to not asking it. I searched all 383 interfaces on a platform to prove where the wall actually was, and the wall was a text box that won't accept typed input. The model was never the problem.

You do not need to be 10 years ahead on AI. About 10 hours is enough.

Comment TUESDAY and I'll add you.

#buildinpublic #aitools #gentlemuse #aiforbeginners",https://database.blotato.io/storage/v1/object/public/public_media/5472a21c-0213-4305-8693-b19295e4d67e/15d62d3f-dee0-4190-a333-3e3701656030.png,"{""targetType"":""instagram""}",scheduled,snapshot taken 2026-09-02 before the 14 day window was enforced
3970845,2026-10-01 08:30,twitter,21430,GentleMuse2026,"Whatever they decide to do after 10 seconds is between them and the universe.

Follow along. The weekly note is here, and I say when something is not worth it.

https://consider-this.subscribepage.io",https://database.blotato.io/storage/v1/object/public/public_media/5472a21c-0213-4305-8693-b19295e4d67e/68c342c9-2d94-4903-b9f5-e414fb504e3e.mp4,"{""targetType"":""twitter""}",scheduled,snapshot taken 2026-09-02 before the 14 day window was enforced
3999037,2026-10-01 08:30,linkedin,20723,AMANDA KERSH,"Bookmarking is not listening.

You saved 40 recommendations this year. You finished how many? Saving is not the same as finishing.

Pick the short one. Under an hour, free right now. Finish 1 thing today. That is the whole assignment.

Follow along for more of these. The list of 10 is here, and it tells you where each one is free.

https://press-play.subscribepage.io",https://database.blotato.io/storage/v1/object/public/public_media/5472a21c-0213-4305-8693-b19295e4d67e/1b4cc33c-4550-42f5-8290-304677e56b47.jpeg,"{""targetType"":""linkedin""}",scheduled,snapshot taken 2026-09-02 before the 14 day window was enforced
3999032,2026-10-01 12:10,facebook,30840,The Gentle Muse ,"I refuse to spend more than 10 seconds on my brows.

Whatever they decide to do after that is between them and the universe. I used to stand at that mirror far longer than the result ever justified, and one day I just stopped. They are fine. Nobody has ever mentioned them.

How long do you actually give yours? 👇

Comment CONSIDER and I'll send you the weekly note. Honest recommendations, and I say when something is not worth it.

https://consider-this.subscribepage.io",https://database.blotato.io/storage/v1/object/public/public_media/5472a21c-0213-4305-8693-b19295e4d67e/7a1b99de-3fa7-4436-8c9d-5bdc162f8e9c.mp4,"{""pageId"":""1086399221215093"",""targetType"":""facebook""}",scheduled,snapshot taken 2026-09-02 before the 14 day window was enforced
3970831,2026-10-01 18:00,tiktok,41488,thegentlemuse2026,"Your body moves before your brain has finished the sentence.

It really does just say I will explain later, move. Every one of us has had that moment where you are already halfway across the room before you know why.

When has yours reacted before you did? 👇

#LearnOnTikTok",https://database.blotato.io/storage/v1/object/public/public_media/5472a21c-0213-4305-8693-b19295e4d67e/5f0819d3-6238-4bb1-b0bd-1bc453a15005.mp4,"{""targetType"":""tiktok"",""isYourBrand"":false,""disabledDuet"":false,""privacyLevel"":""PUBLIC_TO_EVERYONE"",""isAiGenerated"":false,""disabledStitch"":false,""disabledComments"":false,""isBrandedContent"":false}",scheduled,snapshot taken 2026-09-02 before the 14 day window was enforced
3970852,2026-10-02 08:30,twitter,21430,GentleMuse2026,"I read 9 books last year without sitting down once.

Not a reading habit. A listening habit. Built for half attention.

5 free forever, 5 library borrows. Not 50 books. 10.

Follow along. The list is here.

https://press-play.subscribepage.io",https://database.blotato.io/storage/v1/object/public/public_media/5472a21c-0213-4305-8693-b19295e4d67e/740b4f51-d62d-442e-9748-d507b1a4cb30.jpeg,"{""targetType"":""twitter""}",scheduled,snapshot taken 2026-09-02 before the 14 day window was enforced
3970816,2026-10-02 10:00,instagram,45886,thegentlemuse2026,"Bookmarking is not listening.

You saved 40 recommendations this year. You finished how many? Saving is not the same as finishing.

Pick the short one. Under an hour, free right now. Finish 1 thing today.

Full list is in my bio.

#LearnOnTikTok #audiobooks #readingtips",https://database.blotato.io/storage/v1/object/public/public_media/5472a21c-0213-4305-8693-b19295e4d67e/563c580c-1c0d-40ce-b648-3df3446cd422.jpeg,"{""targetType"":""instagram""}",scheduled,snapshot taken 2026-09-02 before the 14 day window was enforced
3970835,2026-10-02 12:10,facebook,30840,The Gentle Muse ,"She checks the whole yard, patch by patch.

Pink harness, leash trailing out behind her, nose down in the grass. The dandelions are open. Half the yard is in sun and half is in shade and she walks through both.

Nothing really happens here. She goes slow, covers the ground she wants to cover, and at the end she stops where the grass runs out and looks straight up at me.

Follow along for more of her.

https://consider-this.subscribepage.io",https://database.blotato.io/storage/v1/object/public/public_media/5472a21c-0213-4305-8693-b19295e4d67e/1b5cc731-e1f2-4248-b83b-3e640943067f.mp4,"{""pageId"":""1086399221215093"",""targetType"":""facebook""}",scheduled,snapshot taken 2026-09-02 before the 14 day window was enforced
3970827,2026-10-02 18:00,instagram,45886,thegentlemuse2026,"Start with number 2. It's under an hour.

As a Man Thinketh. Free right now, no card and no signup. You can finish it before the laundry dries.

1 finished book beats 10 saved ones. The list tells you where each one is free.

Full list is in my bio.

#LearnOnTikTok #audiobooks #freebooks",https://database.blotato.io/storage/v1/object/public/public_media/5472a21c-0213-4305-8693-b19295e4d67e/5e63f005-67d6-4d95-81f2-7326469db1e1.jpeg,"{""targetType"":""instagram""}",scheduled,snapshot taken 2026-09-02 before the 14 day window was enforced
3970841,2026-10-02 18:00,tiktok,41488,thegentlemuse2026,"5 books that are free forever. Not free for 30 days.

Meditations. As a Man Thinketh. The Richest Man in Babylon. Think and Grow Rich.

Public domain. No account, no waitlist, no card.

Full list is in my bio.

#LearnOnTikTok #freebooks #publicdomain",https://database.blotato.io/storage/v1/object/public/public_media/5472a21c-0213-4305-8693-b19295e4d67e/661383d6-24bb-4284-b587-bd76a48d7218.jpeg,"{""targetType"":""tiktok"",""isYourBrand"":false,""disabledDuet"":false,""privacyLevel"":""PUBLIC_TO_EVERYONE"",""isAiGenerated"":false,""disabledStitch"":false,""disabledComments"":false,""isBrandedContent"":false}",scheduled,snapshot taken 2026-09-02 before the 14 day window was enforced
3970836,2026-10-03 10:00,instagram,45886,thegentlemuse2026,"The personality everyone meets, and the one about 3 people ever get to see.

Free Reset Guide: https://payhip.com/b/9FE2U

#gentlemuse #reallife #shorts",https://database.blotato.io/storage/v1/object/public/public_media/5472a21c-0213-4305-8693-b19295e4d67e/60de233e-9fed-473b-aa7c-35232f45a881.mp4,"{""targetType"":""instagram""}",scheduled,snapshot taken 2026-09-02 before the 14 day window was enforced
3970842,2026-10-03 12:10,facebook,30840,The Gentle Muse ,"I read 9 books last year without sitting down once.

Not a reading habit. A listening habit. None of it was extra time. The list is built for half attention.

5 free forever, 5 library borrows. Not 50 books. 10.

Comment PLAY and I'll send you the list. It tells you where each one is free.

https://press-play.subscribepage.io",https://database.blotato.io/storage/v1/object/public/public_media/5472a21c-0213-4305-8693-b19295e4d67e/6869d939-3575-4907-ab23-ece4b3af4cc1.jpeg,"{""pageId"":""1086399221215093"",""targetType"":""facebook""}",scheduled,snapshot taken 2026-09-02 before the 14 day window was enforced
3999034,2026-10-04 08:30,twitter,21430,GentleMuse2026,"Which explains how fast you can pull your hand off a hot pan.

Follow along for more of these. The weekly note is here.

https://consider-this.subscribepage.io",https://database.blotato.io/storage/v1/object/public/public_media/5472a21c-0213-4305-8693-b19295e4d67e/7aadf7a7-4559-4bf9-9583-45bb6a626209.mp4,"{""targetType"":""twitter""}",scheduled,snapshot taken 2026-09-02 before the 14 day window was enforced
3970851,2026-10-04 12:10,facebook,30840,The Gentle Muse ,"My 2 personalities. The one everyone meets, and the one about 3 people ever get to see. If you have met the second one, you are stuck with me now.

Which one do people get from you first? 👇

Comment CONSIDER and I'll send you the weekly note. 3 to 5 minutes, then back to your life.

https://consider-this.subscribepage.io",https://database.blotato.io/storage/v1/object/public/public_media/5472a21c-0213-4305-8693-b19295e4d67e/73dcf05b-c402-40cd-afc3-df46e97c8528.mp4,"{""pageId"":""1086399221215093"",""targetType"":""facebook""}",scheduled,snapshot taken 2026-09-02 before the 14 day window was enforced
3970863,2026-10-04 18:00,tiktok,41488,thegentlemuse2026,"Slow, steady, figuring it out as I go, and posting it before I know whether it worked.

That last part is the uncomfortable one. I am not 10 years ahead of anybody here. I am about 10 hours ahead, and it turns out that is enough to be useful.

#LearnOnTikTok #buildinpublic #softdiscipline #womeninbusiness #showup",https://database.blotato.io/storage/v1/object/public/public_media/5472a21c-0213-4305-8693-b19295e4d67e/74c42491-bbdb-4cec-8784-ac80eab9476a.mp4,"{""targetType"":""tiktok"",""isYourBrand"":false,""disabledDuet"":false,""privacyLevel"":""PUBLIC_TO_EVERYONE"",""isAiGenerated"":false,""disabledStitch"":false,""disabledComments"":false,""isBrandedContent"":false}",scheduled,snapshot taken 2026-09-02 before the 14 day window was enforced
3999045,2026-10-05 08:30,twitter,21430,GentleMuse2026,"14k gold plated, mother-of-pearl clover, the kind of everyday polish that works with a t-shirt or a dress. From Target's jewelry counter.

Target partner, so I may earn rewards or commission at no extra cost to you.

https://club.target.com/s/amanda.20/_/sku/1004621500",https://database.blotato.io/storage/v1/object/public/public_media/5472a21c-0213-4305-8693-b19295e4d67e/85f08a7b-541e-4255-82bd-19c8a7b18bef.png,"{""targetType"":""twitter""}",scheduled,snapshot taken 2026-09-02 before the 14 day window was enforced
3999040,2026-10-05 10:00,instagram,45886,thegentlemuse2026,"She peed in my office and then looked me dead in the eye.

No guilt. No slinking off. She is 19 and somewhere around year 15 she decided the rules had stopped applying to her, and honestly she is right.

I got the towel. She watched me do it from her bed.

Here is the part nobody tells you about this age. Accidents are usually not defiance, and usually not the beginning of the end. Most of it comes down to bladder capacity, floor traction, and how far the door is. All 3 of those are things you can adjust.

I put what worked for us in a free 15 page guide.

Comment CESA and I'll send it over.

#seniordog #seniordogcare #chihuahua #dogsofinstagram",https://database.blotato.io/storage/v1/object/public/public_media/5472a21c-0213-4305-8693-b19295e4d67e/53013da5-1576-4cc7-9473-9de5457c676d.mp4,"{""targetType"":""instagram""}",scheduled,snapshot taken 2026-09-02 before the 14 day window was enforced
3970864,2026-10-05 12:10,facebook,30840,The Gentle Muse ,"Your gut contains hundreds of millions of neurons.

So when people say trust your gut, there is genuinely more going on down there than we tend to give it credit for. I have overruled mine plenty of times and regretted it more often than not.

Do you actually trust yours? 👇

Comment CONSIDER and I'll send you the weekly note. 1 thing worth noticing, every week.

https://consider-this.subscribepage.io",https://database.blotato.io/storage/v1/object/public/public_media/5472a21c-0213-4305-8693-b19295e4d67e/775e3786-99ce-4bc6-b6a1-86723e063675.mp4,"{""pageId"":""1086399221215093"",""targetType"":""facebook""}",scheduled,snapshot taken 2026-09-02 before the 14 day window was enforced
3999102,2026-10-05 12:20,youtube,36129,Amanda Kersh (Amanda Kersh | The Gentle Muse),"5 books that are free forever. Not free for 30 days.

Meditations. As a Man Thinketh. The Richest Man in Babylon. Think and Grow Rich.

Public domain. No account, no waitlist, no card.

Full list is in my bio.

https://payhip.com/b/9FE2U
#gentlemuse #shorts",https://database.blotato.io/storage/v1/object/public/public_media/5472a21c-0213-4305-8693-b19295e4d67e/9dc1710b-deb5-4f65-8d63-7359f0e3bc81.jpeg,"{""title"":""5 books that are free forever"",""targetType"":""youtube"",""privacyStatus"":""public"",""shouldNotifySubscribers"":false}",scheduled,snapshot taken 2026-09-02 before the 14 day window was enforced
3999042,2026-10-05 18:00,tiktok,41488,thegentlemuse2026,"The odds are far better than you would ever guess.

Free Reset Guide: https://payhip.com/b/9FE2U

#LearnOnTikTok #randomfacts #shorts",https://database.blotato.io/storage/v1/object/public/public_media/5472a21c-0213-4305-8693-b19295e4d67e/842dd45b-91b7-4599-82cb-9685430cb0cf.mp4,"{""targetType"":""tiktok"",""isYourBrand"":false,""disabledDuet"":false,""privacyLevel"":""PUBLIC_TO_EVERYONE"",""isAiGenerated"":false,""disabledStitch"":false,""disabledComments"":false,""isBrandedContent"":false}",scheduled,snapshot taken 2026-09-02 before the 14 day window was enforced
3999101,2026-10-06 08:30,twitter,21430,GentleMuse2026,"No guru voice, no overnight success story. A real small business figuring out AI in real time, with the mistakes left in.

Follow along. The letter lands Tuesday mornings.

https://just-another-tuesday-gm.subscribepage.io",https://database.blotato.io/storage/v1/object/public/public_media/5472a21c-0213-4305-8693-b19295e4d67e/9d23f167-08ab-477f-a3ee-7980389950d6.png,"{""targetType"":""twitter""}",scheduled,snapshot taken 2026-09-02 before the 14 day window was enforced
3999117,2026-10-06 08:30,linkedin,20723,AMANDA KERSH,"I used to say I had no time to read. Then I counted the drive.

The drive, the dishes, the laundry, groceries. Almost 2 hours a day with my hands busy and my ears free.

I didn't add anything to my day. I stopped filling that time with scrolling.

Follow along for more of these. The list of 10 is here, and it tells you where each one is free.

https://press-play.subscribepage.io",https://database.blotato.io/storage/v1/object/public/public_media/5472a21c-0213-4305-8693-b19295e4d67e/2531ce1e-5f43-45aa-afb1-66c33eba272e.jpeg,"{""targetType"":""linkedin""}",scheduled,snapshot taken 2026-09-02 before the 14 day window was enforced
3970856,2026-10-06 10:00,instagram,45886,thegentlemuse2026,"POV: abundance does not always arrive looking glamorous.

Sometimes it is a rainy Friday, a dog groomer run, and choosing to make room for whatever comes next. I spent a long time waiting for it to show up looking like something. Mostly it shows up looking like an ordinary day I decided to say yes inside of.

What did yours look like this week? 👇",https://database.blotato.io/storage/v1/object/public/public_media/5472a21c-0213-4305-8693-b19295e4d67e/747e7777-3d48-4e47-8d70-60e425a77408.mp4,"{""targetType"":""instagram""}",scheduled,snapshot taken 2026-09-02 before the 14 day window was enforced
3999043,2026-10-06 12:10,facebook,30840,The Gentle Muse ,"Start with number 2. It's under an hour.

As a Man Thinketh. Free right now, no card and no signup. You can finish it before the laundry dries.

1 finished book beats 10 saved ones.

Comment PLAY and I'll send you the list. It tells you where each one is free.

https://press-play.subscribepage.io",https://database.blotato.io/storage/v1/object/public/public_media/5472a21c-0213-4305-8693-b19295e4d67e/851784f7-c325-47ff-92f6-d9fda75cd195.jpeg,"{""pageId"":""1086399221215093"",""targetType"":""facebook""}",scheduled,snapshot taken 2026-09-02 before the 14 day window was enforced
3999066,2026-10-06 18:00,instagram,45886,thegentlemuse2026,"Your body moves before your brain finishes the sentence. It really does say I will explain later, move. When has yours reacted before you did? 👇

#gentlemuse #randomfacts #didyouknow #curiosity #letschat",https://database.blotato.io/storage/v1/object/public/public_media/5472a21c-0213-4305-8693-b19295e4d67e/8e323f07-1804-43c2-ae6c-21575030102b.mp4,"{""targetType"":""instagram""}",scheduled,snapshot taken 2026-09-02 before the 14 day window was enforced
3999116,2026-10-07 08:30,twitter,21430,GentleMuse2026,"Shuffle a deck properly and you are almost certainly holding an order that has never existed before in history.

Nobody has ever held those cards in that sequence, and nobody ever will again.

Follow along. The weekly note is here.

https://consider-this.subscribepage.io",https://database.blotato.io/storage/v1/object/public/public_media/5472a21c-0213-4305-8693-b19295e4d67e/a4d83a6e-4f95-4807-a276-08142579d9cf.mp4,"{""targetType"":""twitter""}",scheduled,snapshot taken 2026-09-02 before the 14 day window was enforced
3999084,2026-10-07 10:00,instagram,45886,thegentlemuse2026,"Your gut contains hundreds of millions of neurons. So when people say trust your gut, there is genuinely more going on down there than we give it credit for. Do you actually trust yours? 👇

#gentlemuse #randomfacts #didyouknow #intuition #letschat",https://database.blotato.io/storage/v1/object/public/public_media/5472a21c-0213-4305-8693-b19295e4d67e/973e881f-dbae-4d3b-a4ce-8d215d3d2966.mp4,"{""targetType"":""instagram""}",scheduled,snapshot taken 2026-09-02 before the 14 day window was enforced
3999056,2026-10-07 12:10,facebook,30840,The Gentle Muse ,"She has figured out that 1 sad face works on me.

She is 19. She sits just outside the kitchen, does not bark, does not scratch, just puts her chin down and looks up until something happens. It works roughly every time and both of us know it.

I am not going to pretend I do not know exactly what this is. I do it anyway.

If yours is in the senior years too, the 15 pages I wrote about keeping her comfortable are free. Plain words, comfort not medicine.

Comment CESA and I'll send them.

https://cesa-guide.subscribepage.io",https://database.blotato.io/storage/v1/object/public/public_media/5472a21c-0213-4305-8693-b19295e4d67e/53683681-f01d-4439-91d9-b51d7b2b3628.mp4,"{""pageId"":""1086399221215093"",""targetType"":""facebook""}",scheduled,snapshot taken 2026-09-02 before the 14 day window was enforced
3999125,2026-10-07 12:20,youtube,36129,Amanda Kersh (Amanda Kersh | The Gentle Muse),"My 2 personalities. The one everyone meets, and the one about 3 people ever get to see.

The first one is polite and gets things done. The second one is loud and a little unhinged and genuinely much more fun. If you have met the second one, congratulations, you are stuck with me now.

Which one do people get from you first? 👇

https://payhip.com/b/9FE2U
#gentlemuse #shorts",https://database.blotato.io/storage/v1/object/public/public_media/5472a21c-0213-4305-8693-b19295e4d67e/afa82548-339d-439f-bacb-369428e9332f.mp4,"{""title"":""My 2 personalities"",""targetType"":""youtube"",""privacyStatus"":""public"",""shouldNotifySubscribers"":false}",scheduled,snapshot taken 2026-09-02 before the 14 day window was enforced
3999072,2026-10-07 18:00,tiktok,41488,thegentlemuse2026,"Start with number 2. It's under an hour.

As a Man Thinketh. Free right now, no card and no signup. You can finish it before the laundry dries.

1 finished book beats 10 saved ones. The list tells you where each one is free.

Full list is in my bio.

#LearnOnTikTok #audiobooks #freebooks",https://database.blotato.io/storage/v1/object/public/public_media/5472a21c-0213-4305-8693-b19295e4d67e/929d2765-b046-4076-810f-b05d855ba06e.jpeg,"{""targetType"":""tiktok"",""isYourBrand"":false,""disabledDuet"":false,""privacyLevel"":""PUBLIC_TO_EVERYONE"",""isAiGenerated"":false,""disabledStitch"":false,""disabledComments"":false,""isBrandedContent"":false}",scheduled,snapshot taken 2026-09-02 before the 14 day window was enforced
4056444,2026-10-07 18:00,instagram,45886,thegentlemuse2026,"The glow up is not always a new body, a new house, or a whole new life.

Sometimes it is deciding it is a beautiful day and then showing up like you belong in it, which is harder and cheaper and nobody makes content about it.

Which version are you working on right now? The dramatic one or the quiet one.

#gentlemuse #buildinpublic #softdiscipline #womeninbusiness #showup",https://database.blotato.io/storage/v1/object/public/public_media/5472a21c-0213-4305-8693-b19295e4d67e/2581279a-1cf5-42f5-b151-3c4de6f29a6e.mp4,"{""mediaType"":""reel"",""targetType"":""instagram""}",scheduled,snapshot taken 2026-09-02 before the 14 day window was enforced
3999124,2026-10-08 08:30,twitter,21430,GentleMuse2026,"An order that has never existed before in history.

Follow along for more of these. The weekly note is here.

https://consider-this.subscribepage.io",https://database.blotato.io/storage/v1/object/public/public_media/5472a21c-0213-4305-8693-b19295e4d67e/aeeed81e-0f63-4676-b380-843ea7f9d1d6.mp4,"{""targetType"":""twitter""}",scheduled,snapshot taken 2026-09-02 before the 14 day window was enforced
3999151,2026-10-08 08:30,linkedin,20723,AMANDA KERSH,"5 books that are free forever. Not free for 30 days.

Meditations. As a Man Thinketh. The Richest Man in Babylon. Think and Grow Rich.

Public domain. No account, no waitlist, no card.

Follow along for more of these. The list of 10 is here, and it tells you where each one is free.

https://press-play.subscribepage.io",https://database.blotato.io/storage/v1/object/public/public_media/5472a21c-0213-4305-8693-b19295e4d67e/2ee84d02-608f-4bfc-88f8-35342c36613e.jpeg,"{""targetType"":""linkedin""}",scheduled,snapshot taken 2026-09-02 before the 14 day window was enforced
3836051,2026-10-08 10:00,instagram,45886,thegentlemuse2026,"The washer gasket that never comes clean.

It's the rubber ring inside the door of a front loader. Pull it back and look at the underside. That dark ring is not dirt, it's biofilm, and it's why clean laundry sometimes comes out smelling like a damp basement.

It grows because the door stays shut. Water sits in the fold, nothing dries, and the machine that washes everything else never gets to dry out itself.

Swipe for the fix. It's 5 minutes and 1 habit.

Comment CONSIDER and I'll send you the weekly note. 1 overlooked thing in your home, every week.

#cleaningtips #laundry #homemaintenance #homeowner",https://database.blotato.io/storage/v1/object/public/public_media/5472a21c-0213-4305-8693-b19295e4d67e/9d79bae1-2c93-491e-862a-0dd4eafe7df9.jpeg|https://database.blotato.io/storage/v1/object/public/public_media/5472a21c-0213-4305-8693-b19295e4d67e/fcb3c009-2209-4f21-93c5-ad06f62dfe27.jpeg|https://database.blotato.io/storage/v1/object/public/public_media/5472a21c-0213-4305-8693-b19295e4d67e/37e7987f-e838-4a6c-8ebd-cef6f04db2f7.jpeg|https://database.blotato.io/storage/v1/object/public/public_media/5472a21c-0213-4305-8693-b19295e4d67e/48724d13-1f36-42c5-b14e-5341d9f7a60d.jpeg|https://database.blotato.io/storage/v1/object/public/public_media/5472a21c-0213-4305-8693-b19295e4d67e/75554de8-c555-435b-97f8-ea9fc43c0bc8.jpeg|https://database.blotato.io/storage/v1/object/public/public_media/5472a21c-0213-4305-8693-b19295e4d67e/252388a8-912f-490e-8ba0-ec6e726d2f32.jpeg,"{""targetType"":""instagram""}",scheduled,snapshot taken 2026-09-02 before the 14 day window was enforced
3999076,2026-10-08 12:10,facebook,30840,The Gentle Muse ,"She hears the car before the door.

By the time I am inside she is already up, and getting up takes her longer than it used to. Nails on the floor, no bark, just the walk toward me.

She has no idea how the shift went and she is not going to ask. She waited all day for this exact 4 seconds.

Then she goes back to her spot.

Follow along for more of her.

https://consider-this.subscribepage.io",https://database.blotato.io/storage/v1/object/public/public_media/5472a21c-0213-4305-8693-b19295e4d67e/736e362b-afc7-4061-9f2c-31fff05e4336.mp4,"{""pageId"":""1086399221215093"",""targetType"":""facebook""}",scheduled,snapshot taken 2026-09-02 before the 14 day window was enforced
3999142,2026-10-09 08:30,twitter,21430,GentleMuse2026,"Bookmarking is not listening.

You saved 40 recommendations this year. You finished how many?

Pick the short one. Under an hour, free right now.

Follow along. The list is here.

https://press-play.subscribepage.io",https://database.blotato.io/storage/v1/object/public/public_media/5472a21c-0213-4305-8693-b19295e4d67e/b3c657ab-f0de-4542-be6e-35ee673d90aa.jpeg,"{""targetType"":""twitter""}",scheduled,snapshot taken 2026-09-02 before the 14 day window was enforced
3691547,2026-10-09 10:00,instagram,45886,thegentlemuse2026,"I sat down to record thinking I was only a few days into this, and realized I was actually further along than I gave myself credit for. Still showing up. Still figuring it out as I go. Have you ever been further along than you thought? 👇 #gentlemuse #womenover40 #confidence #softlife #glowup",https://database.blotato.io/storage/v1/object/public/public_media/5472a21c-0213-4305-8693-b19295e4d67e/506bafa2-ba92-4b71-ae06-cc73657a23cd.mp4,"{""targetType"":""instagram""}",scheduled,snapshot taken 2026-09-02 before the 14 day window was enforced
4056477,2026-10-09 12:20,youtube,36129,Amanda Kersh (Amanda Kersh | The Gentle Muse),"Bookmarking is not listening.

You saved 40 recommendations this year. You finished how many? Saving is not the same as finishing.

Pick the short one. Under an hour, free right now. Finish 1 thing today.

Full list is in my bio.

https://payhip.com/b/9FE2U
#gentlemuse #shorts",https://database.blotato.io/storage/v1/object/public/public_media/5472a21c-0213-4305-8693-b19295e4d67e/b801f364-4b47-4e27-9065-6ad585c30889.jpeg,"{""title"":""Bookmarking is not listening"",""targetType"":""youtube"",""privacyStatus"":""public"",""shouldNotifySubscribers"":false}",scheduled,snapshot taken 2026-09-02 before the 14 day window was enforced
3709352,2026-10-09 18:00,instagram,45886,thegentlemuse2026,"Having a 19 year old dog means every strange sleeping position gets a 3 second stare.

Are you perfectly cozy, or is this the one where I call somebody. I ask it out loud. She does not answer. We do this several times a day and I have never once been right to worry.

Comment CESA and I'll send you the Thursday note she talked me into writing.

#gentlemuse #seniordog #chihuahua #dogmom #cesasgoldenyears",https://database.blotato.io/storage/v1/object/public/public_media/5472a21c-0213-4305-8693-b19295e4d67e/2c088470-4585-4866-af5b-7686e51c5e43.mp4,"{""mediaType"":""reel"",""targetType"":""instagram""}",scheduled,snapshot taken 2026-09-02 before the 14 day window was enforced
3999110,2026-10-09 18:00,tiktok,41488,thegentlemuse2026,"5 are free forever, no account and no card. The other 5 are free library borrows. A library card is not a subscription. I'd rather you finish 2 than bookmark 50.

#LearnOnTikTok",https://database.blotato.io/storage/v1/object/public/public_media/5472a21c-0213-4305-8693-b19295e4d67e/a9f81c2d-819a-4205-b051-ae8fe58db1f1.jpeg,"{""targetType"":""tiktok"",""isYourBrand"":false,""disabledDuet"":false,""privacyLevel"":""PUBLIC_TO_EVERYONE"",""isAiGenerated"":false,""disabledStitch"":false,""disabledComments"":false,""isBrandedContent"":false}",scheduled,snapshot taken 2026-09-02 before the 14 day window was enforced
3999155,2026-10-10 08:30,twitter,21430,GentleMuse2026,"Good light, good smells, nothing to prove. The small things I keep choosing on purpose.

Follow along. The Gentle Self-Reset Checklist is free and short on purpose.

https://payhip.com/b/9FE2U",https://database.blotato.io/storage/v1/object/public/public_media/5472a21c-0213-4305-8693-b19295e4d67e/b7a559cd-851b-41b3-b9e5-3b53ea18fd87.mp4,"{""targetType"":""twitter""}",scheduled,snapshot taken 2026-09-02 before the 14 day window was enforced
3836060,2026-10-10 10:00,instagram,45886,thegentlemuse2026,"Your pillow has an expiration date.

Nobody tells you this. You replace the sheets, you flip the mattress, and the pillow just stays. Most last 18 months to 3 years, and past that it stops holding your neck where it needs to be.

The test takes 10 seconds. Fold it in half. If it stays folded instead of springing back, it's done holding you up.

Swipe for the rest of the check, including what the weight change actually is.

Comment CONSIDER and I'll send you the weekly note. 1 overlooked thing in your home, every week.

#sleep #homemaintenance #bedroom #homeowner",https://database.blotato.io/storage/v1/object/public/public_media/5472a21c-0213-4305-8693-b19295e4d67e/5550a8ca-e3e0-46ca-b320-a969d5dd70e9.jpeg|https://database.blotato.io/storage/v1/object/public/public_media/5472a21c-0213-4305-8693-b19295e4d67e/723c7ba2-a65b-4c9b-a611-36dfd90a2a99.jpeg|https://database.blotato.io/storage/v1/object/public/public_media/5472a21c-0213-4305-8693-b19295e4d67e/a76cbd0c-a48e-4ba5-9f9e-bad12d755c46.jpeg|https://database.blotato.io/storage/v1/object/public/public_media/5472a21c-0213-4305-8693-b19295e4d67e/432d954c-6d58-4d0a-af09-a20004135daf.jpeg|https://database.blotato.io/storage/v1/object/public/public_media/5472a21c-0213-4305-8693-b19295e4d67e/c081d11a-8b05-435c-8f61-60110dc6487d.jpeg|https://database.blotato.io/storage/v1/object/public/public_media/5472a21c-0213-4305-8693-b19295e4d67e/9b808b92-61e9-4c67-aa55-49a9a148dbcf.jpeg,"{""targetType"":""instagram""}",scheduled,snapshot taken 2026-09-02 before the 14 day window was enforced
3999112,2026-10-10 12:10,facebook,30840,The Gentle Muse ,"Salicylic acid that exfoliates without stripping, ceramides that put the barrier back. The cleanser dermatologists keep recommending, in the Target skincare aisle.

I'm a Target partner, so I may earn rewards or commission when you shop my link, at no extra cost to you.

https://club.target.com/a/amanda.20",https://database.blotato.io/storage/v1/object/public/public_media/5472a21c-0213-4305-8693-b19295e4d67e/a37a71d4-bd04-4ba1-8973-8af92c7f066a.png,"{""pageId"":""1086399221215093"",""targetType"":""facebook""}",scheduled,snapshot taken 2026-09-02 before the 14 day window was enforced
4056495,2026-10-10 18:00,tiktok,41488,thegentlemuse2026,"If every AI explainer makes your eyes glaze over, this one won't. Gentle pacing, plain words, and real examples you can copy today.

#LearnOnTikTok",https://database.blotato.io/storage/v1/object/public/public_media/5472a21c-0213-4305-8693-b19295e4d67e/7fd5b3ca-1982-40a9-83d1-50d94bc20a64.jpeg,"{""targetType"":""tiktok"",""isYourBrand"":false,""disabledDuet"":false,""privacyLevel"":""PUBLIC_TO_EVERYONE"",""isAiGenerated"":false,""disabledStitch"":false,""disabledComments"":false,""isBrandedContent"":false}",scheduled,snapshot taken 2026-09-02 before the 14 day window was enforced
3601713,2026-10-11 10:00,instagram,45886,thegentlemuse2026,Some days do not need to be extraordinary to be unforgettable. #gentlemuse #softlife #slowliving #womenover40 #reallife,https://database.blotato.io/storage/v1/object/public/public_media/5472a21c-0213-4305-8693-b19295e4d67e/73626d1e-55a2-4d7f-9e13-b36e8268de7c.mp4,"{""targetType"":""instagram""}",scheduled,snapshot taken 2026-09-02 before the 14 day window was enforced
3999123,2026-10-11 12:10,facebook,30840,The Gentle Muse ,"Bookmarking is not listening.

You saved 40 recommendations this year. You finished how many? Saving is not the same as finishing.

Pick the short one. Under an hour, free right now. Finish 1 thing today.

Comment PLAY and I'll send you the list. It tells you where each one is free.

https://press-play.subscribepage.io",https://database.blotato.io/storage/v1/object/public/public_media/5472a21c-0213-4305-8693-b19295e4d67e/ad802cdf-d60c-435d-9086-53c4a2c64331.jpeg,"{""pageId"":""1086399221215093"",""targetType"":""facebook""}",scheduled,snapshot taken 2026-09-02 before the 14 day window was enforced
3999130,2026-10-11 18:00,tiktok,41488,thegentlemuse2026,"There is more going on down there than we give it credit for.

Free Reset Guide: https://payhip.com/b/9FE2U

#LearnOnTikTok #randomfacts #shorts",https://database.blotato.io/storage/v1/object/public/public_media/5472a21c-0213-4305-8693-b19295e4d67e/afb88def-a99f-4cc3-ae10-fef18132b104.mp4,"{""targetType"":""tiktok"",""isYourBrand"":false,""disabledDuet"":false,""privacyLevel"":""PUBLIC_TO_EVERYONE"",""isAiGenerated"":false,""disabledStitch"":false,""disabledComments"":false,""isBrandedContent"":false}",scheduled,snapshot taken 2026-09-02 before the 14 day window was enforced
3835210,2026-10-12 10:00,instagram,45886,thegentlemuse2026,"Your towels aren't old. They're coated.

Fabric softener leaves a film behind, and that film is exactly what makes them feel soft. It also repels water, which is the opposite of a towel's job.

It builds up slowly over months, so it feels like the towel just wore out. It didn't. Wash them hot with vinegar and no softener, and they come back.

Save this for the next laundry day. Send it to whoever buys the softener.

Comment CONSIDER and I'll add you.

#laundrytips #homemaintenance #gentlemuse #cleaningtips",https://database.blotato.io/storage/v1/object/public/public_media/5472a21c-0213-4305-8693-b19295e4d67e/7893539b-8290-4b21-b394-e7bd8ed3673b.png|https://database.blotato.io/storage/v1/object/public/public_media/5472a21c-0213-4305-8693-b19295e4d67e/08c24c85-28bf-4ab4-bf3a-95e8a1f80f08.png|https://database.blotato.io/storage/v1/object/public/public_media/5472a21c-0213-4305-8693-b19295e4d67e/895a6059-1730-4031-b709-7e88b2d8c957.png|https://database.blotato.io/storage/v1/object/public/public_media/5472a21c-0213-4305-8693-b19295e4d67e/7a69da56-caee-46a3-a6bf-a52914ac4697.png|https://database.blotato.io/storage/v1/object/public/public_media/5472a21c-0213-4305-8693-b19295e4d67e/d47ef224-191d-450d-8f78-b91cb8249431.png|https://database.blotato.io/storage/v1/object/public/public_media/5472a21c-0213-4305-8693-b19295e4d67e/d77d8ed6-005b-46aa-aae7-005465f8307b.png,"{""altText"":""Carousel explaining that fabric softener coats towels and stops them absorbing water."",""targetType"":""instagram""}",scheduled,snapshot taken 2026-09-02 before the 14 day window was enforced
3999141,2026-10-12 12:10,facebook,30840,The Gentle Muse ,"Stopped somewhere new and the atmosphere alone was worth the trip.

Good light, good smells, nothing to prove. I did not need anything from the visit. I just wanted 20 quiet minutes somewhere pretty, and that turned out to be enough of a reason.

These are the small things I keep choosing on purpose. Where is your comfort spot? 👇

Comment RESET and I'll send you the Gentle Self-Reset Checklist. Free, and short on purpose.

https://payhip.com/b/9FE2U",https://database.blotato.io/storage/v1/object/public/public_media/5472a21c-0213-4305-8693-b19295e4d67e/b02a87c0-b4dd-4d40-a476-17adeb9fa224.mp4,"{""pageId"":""1086399221215093"",""targetType"":""facebook""}",scheduled,snapshot taken 2026-09-02 before the 14 day window was enforced
3802707,2026-10-12 18:00,instagram,45886,thegentlemuse2026,"I had 13 browser tabs open and no idea where to start.

A notebook full of half-finished plans. Files on my phone with names I could no longer decode. I wasn't lazy or dramatically disorganized. I was carrying too much at once, the way most of us are.

The Gentle Self-Reset Checklist came out of figuring out what actually helped, 1 small piece at a time, instead of trying to overhaul my whole life in a weekend.

Here's the only instruction: don't do all of it. Pick 1 line and do that one.

Comment RESET and I'll send it to you.

#gentlereset #overwhelmed #gentlemuse #calmproductivity",https://database.blotato.io/storage/v1/object/public/public_media/5472a21c-0213-4305-8693-b19295e4d67e/1ba94d21-39bc-431b-ab1c-a9af3dd78f3f.png,"{""altText"":""Editorial card reading: I had 13 tabs open and no idea where to start. The free Reset Guide from The Gentle Muse."",""targetType"":""instagram""}",scheduled,snapshot taken 2026-09-02 before the 14 day window was enforced
3999153,2026-10-12 18:00,tiktok,41488,thegentlemuse2026,"Shuffle a deck properly and you are almost certainly holding an order that has never existed before in history. Something about that gets me every single time. What is your favorite card game? 👇

#LearnOnTikTok #randomfacts #didyouknow #curiosity #letschat",https://database.blotato.io/storage/v1/object/public/public_media/5472a21c-0213-4305-8693-b19295e4d67e/b5b8917c-9e28-4655-b226-5577edcf570c.mp4,"{""targetType"":""tiktok"",""isYourBrand"":false,""disabledDuet"":false,""privacyLevel"":""PUBLIC_TO_EVERYONE"",""isAiGenerated"":false,""disabledStitch"":false,""disabledComments"":false,""isBrandedContent"":false}",scheduled,snapshot taken 2026-09-02 before the 14 day window was enforced
4056448,2026-10-13 10:00,instagram,45886,thegentlemuse2026,"She doesn't move out of the way anymore. So I move the room.

She's 19. She picked her spot in the kitchen years ago and she has no intention of renegotiating it.

She used to get up when I walked through. Now she doesn't, and I decided that's my problem to solve, not hers. So I taped out her spot on the floor before I moved the counter around. The path I walk carrying something hot is never the 3 feet where she sleeps.

That's most of what senior dog care has actually been for me. Not heroics. Just moving the furniture instead of asking her to move.

Comment CESA and I'll send you what I wrote about her.

#seniordog #dogmom #chihuahua #cesasgoldenyears",https://database.blotato.io/storage/v1/object/public/public_media/5472a21c-0213-4305-8693-b19295e4d67e/77e3abf3-84e0-43ea-a7e9-dd71c70b7d04.mp4,"{""mediaType"":""reel"",""targetType"":""instagram""}",scheduled,snapshot taken 2026-09-02 before the 14 day window was enforced
3999154,2026-10-13 12:10,facebook,30840,The Gentle Muse ,"Or is everything just dessert wearing a breakfast costume? Going through the menu so you do not have to.

What is your regular order? 👇

Comment CONSIDER and I'll send you the weekly note. If there's an affiliate link I say so, and if something is overpriced I say that too.

https://consider-this.subscribepage.io",https://database.blotato.io/storage/v1/object/public/public_media/5472a21c-0213-4305-8693-b19295e4d67e/b79d99be-d602-44ff-9e6d-10689bd0261e.mp4,"{""pageId"":""1086399221215093"",""targetType"":""facebook""}",scheduled,snapshot taken 2026-09-02 before the 14 day window was enforced
3999107,2026-10-13 18:00,instagram,45886,thegentlemuse2026,"She has 1 legal name and about 17 others.

She answers to none of them. She answers to the exact tone of voice that means food, to the sound of the treat drawer, and to nothing else on the list.

Nobody warns you that you will build an entire vocabulary for one small dog, and that none of it will make sense out loud to another person.

Tell me your dog's name and the one you actually use.

Comment CONSIDER and I'll add you to the weekly note. Every issue ends with her.

#seniordog #chihuahua #dogmom #cesasgoldenyears",https://database.blotato.io/storage/v1/object/public/public_media/5472a21c-0213-4305-8693-b19295e4d67e/73e94d06-7826-4477-892a-34fd740d398f.mp4,"{""targetType"":""instagram""}",scheduled,snapshot taken 2026-09-02 before the 14 day window was enforced
4056482,2026-10-14 10:00,instagram,45886,thegentlemuse2026,"Free. 1 page. Don't do all of it, pick 1 line and do that one. For the weeks when the plan got too heavy to start.",https://database.blotato.io/storage/v1/object/public/public_media/5472a21c-0213-4305-8693-b19295e4d67e/432a7329-c61f-4000-ba67-cfce4b4509e7.png,"{""targetType"":""instagram""}",scheduled,snapshot taken 2026-09-02 before the 14 day window was enforced
3999118,2026-10-14 18:00,instagram,45886,thegentlemuse2026,"Nothing fancy. Just good food, fresh air, and ending the day outside. What is your favorite thing to throw on the grill? 👇",https://database.blotato.io/storage/v1/object/public/public_media/5472a21c-0213-4305-8693-b19295e4d67e/a6574e7a-a544-47c6-9099-ae0bf50ac21d.mp4,"{""targetType"":""instagram""}",scheduled,snapshot taken 2026-09-02 before the 14 day window was enforced
3999126,2026-10-15 10:00,instagram,45886,thegentlemuse2026,"I am the main character and my 19 year old Chihuahua is the scene stealing second banana.

She has never once agreed to a supporting role. I set up the shot, I do the talking, and somehow every single time the comments are about her. Nineteen years old and still running the whole production.

Comment CESA and follow @cesasgoldenyears for more of her. 👇",https://database.blotato.io/storage/v1/object/public/public_media/5472a21c-0213-4305-8693-b19295e4d67e/73edf867-b698-4582-8a8e-128b93c2c1ac.mp4,"{""targetType"":""instagram""}",scheduled,snapshot taken 2026-09-02 before the 14 day window was enforced
4022480,2026-12-01 11:00,instagram,45886,thegentlemuse2026,"Rudolph was an ad.

Robert L. May wrote him in 1939 as a free giveaway booklet for Montgomery Ward. He was in debt. His wife was dying. That was the year he wrote it.

The most cheerful character of the season came out of the worst year of a man's life.

It was always about being the one who doesn't fit.

Comment CESA and follow @cesasgoldenyears. I'll send you the 15 pages on what actually keeps her comfortable, free.

#christmas #rudolph #seniordog #history #gentlemuse",https://database.blotato.io/storage/v1/object/public/public_media/5472a21c-0213-4305-8693-b19295e4d67e/4465b71a-a149-4ce9-a745-64c1037ad26a.mp4,"{""mediaType"":""reel"",""targetType"":""instagram"",""shareToFeed"":true}",scheduled,snapshot taken 2026-09-02 before the 14 day window was enforced
